{
  "dance_vara": 0.09622292665978399,
  "energy_vara": 0.11767810561791076,
  "loudness_vara": 2.9339739993410414,
  "mode_vara": 0.28084903408217354,
  "speechiness_vara": 0.05844091247673764,
  "acoustic_vara": 0.14890103730233062,
  "instrument_vara": 0.1142586427078179,
  "liveness_vara": 0.07806346331367028,
  "valence_vara": 0.15063103707450193,
  "tempo_vara": 17.33614178326821,
  "dance_autocorr": 5.173974867239565,
  "energy_autocorr": 3.7256956212158183,
  "loudness_autocorr": 20.030082417888806,
  "mode_autocorr": 0.7457064089959844,
  "speechiness_autocorr": 0.2619272227619928,
  "acoustic_autocorr": 0.5037500653153245,
  "instrument_autocorr": 0.040281659784642196,
  "liveness_autocorr": 0.40238607860272996,
  "valence_autocorr": 2.0742124123884094,
  "tempo_autocorr": 783.0381979077184
}