{
  "dance_1": 0.585,
  "energy_1": 0.52,
  "loudness_1": -6.136,
  "mode_1": 0,
  "speechi_1": 0.0712,
  "acoustic_1": 0.124,
  "instrumental_1": 7.01e-05,
  "liveness_1": 0.131,
  "valence_1": 0.129,
  "tempo_1": 159.801,
  "dance_2": 0.585,
  "energy_2": 0.52,
  "loudness_2": -6.136,
  "mode_2": 0,
  "speechi_2": 0.0712,
  "acoustic_2": 0.124,
  "instrumental_2": 7.01e-05,
  "liveness_2": 0.131,
  "valence_2": 0.129,
  "tempo_2": 159.801,
  "dance_3": 0.46425,
  "energy_3": 0.37989999999999996,
  "loudness_3": -15.236,
  "mode_3": 0.5,
  "speechi_3": 0.116725,
  "acoustic_3": 0.63175,
  "instrumental_3": 0.40425,
  "liveness_3": 0.1258,
  "valence_3": 0.3338,
  "tempo_3": 120.625,
  "dance_4": 0.6215,
  "energy_4": 0.8465,
  "loudness_4": -5.48575,
  "mode_4": 0.25,
  "speechi_4": 0.11475,
  "acoustic_4": 0.17048475000000002,
  "instrumental_4": 0.11475824750000001,
  "liveness_4": 0.30075,
  "valence_4": 0.50375,
  "tempo_4": 108.52525,
  "dance_5": 0.538,
  "energy_5": 0.862,
  "loudness_5": -4.666,
  "mode_5": 1.0,
  "speechi_5": 0.058,
  "acoustic_5": 0.0301,
  "instrumental_5": 0,
  "liveness_5": 0.077,
  "valence_5": 0.594,
  "tempo_5": 160.703,
  "dance_6": 0.5986,
  "energy_6": 0.6262000000000001,
  "loudness_6": -6.2554,
  "mode_6": 0.8,
  "speechi_6": 0.06978,
  "acoustic_6": 0.40788,
  "instrumental_6": 0.003084,
  "liveness_6": 0.10303999999999999,
  "valence_6": 0.5868,
  "tempo_6": 131.25560000000002,
  "dance_7": 0.5183333333333333,
  "energy_7": 0.6353333333333333,
  "loudness_7": -10.315333333333333,
  "mode_7": 0.6666666666666666,
  "speechi_7": 0.08590000000000002,
  "acoustic_7": 0.4422653333333333,
  "instrumental_7": 0.42100903333333334,
  "liveness_7": 0.1950666666666667,
  "valence_7": 0.2184,
  "tempo_7": 120.222,
  "dance_8": 0.4135,
  "energy_8": 0.5095000000000001,
  "loudness_8": -8.044666666666666,
  "mode_8": 0.3333333333333333,
  "speechi_8": 0.08594999999999998,
  "acoustic_8": 0.625,
  "instrumental_8": 2.775e-05,
  "liveness_8": 0.14486666666666667,
  "valence_8": 0.4716666666666667,
  "tempo_8": 98.79849999999999,
  "dance_9": 0.5313333333333333,
  "energy_9": 0.5439999999999999,
  "loudness_9": -8.414,
  "mode_9": 1.0,
  "speechi_9": 0.08956666666666667,
  "acoustic_9": 0.5413333333333333,
  "instrumental_9": 0.00011733333333333333,
  "liveness_9": 0.09283333333333332,
  "valence_9": 0.4503333333333333,
  "tempo_9": 144.716,
  "dance_10": 0.587,
  "energy_10": 0.557,
  "loudness_10": -8.824,
  "mode_10": 1.0,
  "speechi_10": 0.106,
  "acoustic_10": 0.427,
  "instrumental_10": 0,
  "liveness_10": 0.103,
  "valence_10": 0.395,
  "tempo_10": 159.914,
  "dance_11": 0.534,
  "energy_11": 0.732,
  "loudness_11": -6.225,
  "mode_11": 1.0,
  "speechi_11": 0.196,
  "acoustic_11": 0.0919,
  "instrumental_11": 1.43e-05,
  "liveness_11": 0.124,
  "valence_11": 0.482,
  "tempo_11": 173.195,
  "dance_12": 0.5323333333333333,
  "energy_12": 0.8809333333333331,
  "loudness_12": -3.4458666666666664,
  "mode_12": 0.06666666666666667,
  "speechi_12": 0.2244133333333333,
  "acoustic_12": 0.33100000000000007,
  "instrumental_12": 2.08e-05,
  "liveness_12": 0.15386666666666665,
  "valence_12": 0.6422,
  "tempo_12": 134.90699999999998,
  "dance_13": 0.5136666666666666,
  "energy_13": 0.5793333333333333,
  "loudness_13": -6.533,
  "mode_13": 0.3333333333333333,
  "speechi_13": 0.05516666666666667,
  "acoustic_13": 0.5441666666666667,
  "instrumental_13": 0.00035,
  "liveness_13": 0.12103333333333333,
  "valence_13": 0.4665000000000001,
  "tempo_13": 114.73916666666666,
  "dance_14": 0.742,
  "energy_14": 0.627,
  "loudness_14": -8.939,
  "mode_14": 0,
  "speechi_14": 0.0533,
  "acoustic_14": 0.262,
  "instrumental_14": 1.23e-05,
  "liveness_14": 0.269,
  "valence_14": 0.356,
  "tempo_14": 89.998,
  "dance_15": 0.6395,
  "energy_15": 0.716,
  "loudness_15": -6.8745,
  "mode_15": 0.5,
  "speechi_15": 0.0801,
  "acoustic_15": 0.08451,
  "instrumental_15": 0.00226,
  "liveness_15": 0.0925,
  "valence_15": 0.577,
  "tempo_15": 107.209
}