{
  "dance_1": 0.6876923076923076,
  "energy_1": 0.6451538461538461,
  "loudness_1": -6.990615384615385,
  "mode_1": 0.6923076923076923,
  "speechi_1": 0.06086923076923076,
  "acoustic_1": 0.4413615384615384,
  "instrumental_1": 0.1417144746153846,
  "liveness_1": 0.11379230769230769,
  "valence_1": 0.5757692307692308,
  "tempo_1": 122.67115384615384,
  "dance_2": 0.6369444444444444,
  "energy_2": 0.49922222222222223,
  "loudness_2": -9.109944444444444,
  "mode_2": 0.6666666666666666,
  "speechi_2": 0.03788333333333333,
  "acoustic_2": 0.5340000000000001,
  "instrumental_2": 0.01613369333333333,
  "liveness_2": 0.13811666666666667,
  "valence_2": 0.4708333333333333,
  "tempo_2": 119.56783333333331,
  "dance_3": 0.669,
  "energy_3": 0.5716666666666667,
  "loudness_3": -8.6495,
  "mode_3": 0.8333333333333334,
  "speechi_3": 0.05748333333333333,
  "acoustic_3": 0.3801833333333334,
  "instrumental_3": 1.883333333333333e-05,
  "liveness_3": 0.1785,
  "valence_3": 0.5275,
  "tempo_3": 133.93283333333332,
  "dance_4": 0.5923333333333334,
  "energy_4": 0.51,
  "loudness_4": -7.82,
  "mode_4": 0.3333333333333333,
  "speechi_4": 0.12773333333333334,
  "acoustic_4": 0.5043333333333334,
  "instrumental_4": 6.693666666666667e-05,
  "liveness_4": 0.23900000000000002,
  "valence_4": 0.49499999999999994,
  "tempo_4": 106.03933333333333,
  "dance_5": 0.6141250000000001,
  "energy_5": 0.5650000000000001,
  "loudness_5": -7.9383125,
  "mode_5": 0.625,
  "speechi_5": 0.06517500000000001,
  "acoustic_5": 0.42280625,
  "instrumental_5": 0.00012531,
  "liveness_5": 0.16747499999999998,
  "valence_5": 0.5822499999999999,
  "tempo_5": 133.92762499999998,
  "dance_6": 0.7269999999999999,
  "energy_6": 0.62275,
  "loudness_6": -7.641249999999999,
  "mode_6": 0.5,
  "speechi_6": 0.043,
  "acoustic_6": 0.25277499999999997,
  "instrumental_6": 3.6875e-05,
  "liveness_6": 0.10602500000000001,
  "valence_6": 0.6002500000000001,
  "tempo_6": 102.73025000000001,
  "dance_7": 0.6169285714285715,
  "energy_7": 0.5134285714285715,
  "loudness_7": -8.362357142857144,
  "mode_7": 0.5714285714285714,
  "speechi_7": 0.06107142857142857,
  "acoustic_7": 0.4663214285714285,
  "instrumental_7": 0.03438955214285715,
  "liveness_7": 0.1308214285714286,
  "valence_7": 0.48097142857142855,
  "tempo_7": 115.90685714285715,
  "dance_8": 0.414,
  "energy_8": 0.591,
  "loudness_8": -7.568,
  "mode_8": 1.0,
  "speechi_8": 0.136,
  "acoustic_8": 0.623,
  "instrumental_8": 9.94e-06,
  "liveness_8": 0.229,
  "valence_8": 0.62,
  "tempo_8": 185.922,
  "dance_9": 0.6051249999999999,
  "energy_9": 0.578875,
  "loudness_9": -7.763,
  "mode_9": 0.625,
  "speechi_9": 0.07725,
  "acoustic_9": 0.38775,
  "instrumental_9": 0.00024909375,
  "liveness_9": 0.1781375,
  "valence_9": 0.533625,
  "tempo_9": 140.94549999999998,
  "dance_10": 0.266,
  "energy_10": 0.539,
  "loudness_10": -7.841,
  "mode_10": 0,
  "speechi_10": 0.0402,
  "acoustic_10": 0.858,
  "instrumental_10": 0.00021,
  "liveness_10": 0.338,
  "valence_10": 0.557,
  "tempo_10": 199.845,
  "dance_11": 0.7059473684210525,
  "energy_11": 0.5987368421052633,
  "loudness_11": -7.531052631578947,
  "mode_11": 0.631578947368421,
  "speechi_11": 0.07499473684210527,
  "acoustic_11": 0.2632399999999999,
  "instrumental_11": 0.04454049631578946,
  "liveness_11": 0.12532105263157894,
  "valence_11": 0.641157894736842,
  "tempo_11": 103.44405263157897,
  "dance_12": 0.5755416666666665,
  "energy_12": 0.49583333333333335,
  "loudness_12": -8.425583333333336,
  "mode_12": 0.4583333333333333,
  "speechi_12": 0.043595833333333334,
  "acoustic_12": 0.6008791666666667,
  "instrumental_12": 0.03607866166666666,
  "liveness_12": 0.17287083333333333,
  "valence_12": 0.4769166666666666,
  "tempo_12": 120.09624999999998,
  "dance_13": 0.54575,
  "energy_13": 0.517375,
  "loudness_13": -8.2575,
  "mode_13": 0.375,
  "speechi_13": 0.0354125,
  "acoustic_13": 0.547875,
  "instrumental_13": 2.7950000000000002e-05,
  "liveness_13": 0.17716250000000003,
  "valence_13": 0.459625,
  "tempo_13": 125.399125,
  "dance_14": 0.649705882352941,
  "energy_14": 0.5142941176470588,
  "loudness_14": -8.388000000000002,
  "mode_14": 0.6470588235294118,
  "speechi_14": 0.056917647058823545,
  "acoustic_14": 0.44729999999999986,
  "instrumental_14": 0.003983007647058823,
  "liveness_14": 0.12972941176470587,
  "valence_14": 0.45947058823529424,
  "tempo_14": 127.14917647058824,
  "dance_15": 0.6437916666666667,
  "energy_15": 0.638125,
  "loudness_15": -7.489291666666667,
  "mode_15": 0.625,
  "speechi_15": 0.07521666666666667,
  "acoustic_15": 0.38604166666666667,
  "instrumental_15": 0.0012364433333333332,
  "liveness_15": 0.15423333333333336,
  "valence_15": 0.6187083333333332,
  "tempo_15": 122.80329166666667,
  "dance_16": 0.6336153846153846,
  "energy_16": 0.6699230769230768,
  "loudness_16": -5.7949230769230775,
  "mode_16": 0.46153846153846156,
  "speechi_16": 0.07011538461538462,
  "acoustic_16": 0.43154615384615386,
  "instrumental_16": 0.0001471076923076923,
  "liveness_16": 0.10255384615384616,
  "valence_16": 0.5664615384615386,
  "tempo_16": 123.84353846153849,
  "dance_17": 0.6882499999999999,
  "energy_17": 0.5499999999999999,
  "loudness_17": -8.4111875,
  "mode_17": 0.625,
  "speechi_17": 0.0466,
  "acoustic_17": 0.33751249999999994,
  "instrumental_17": 0.016570441875,
  "liveness_17": 0.13978749999999998,
  "valence_17": 0.6054374999999999,
  "tempo_17": 109.64199999999997,
  "dance_18": 0.64,
  "energy_18": 0.784,
  "loudness_18": -6.674,
  "mode_18": 1.0,
  "speechi_18": 0.0314,
  "acoustic_18": 0.333,
  "instrumental_18": 0.00184,
  "liveness_18": 0.188,
  "valence_18": 0.549,
  "tempo_18": 92.016,
  "dance_19": 0.5691111111111111,
  "energy_19": 0.5854444444444444,
  "loudness_19": -8.084111111111111,
  "mode_19": 0.5555555555555556,
  "speechi_19": 0.050666666666666665,
  "acoustic_19": 0.4942222222222222,
  "instrumental_19": 0.0011932400000000001,
  "liveness_19": 0.14782222222222222,
  "valence_19": 0.5334444444444445,
  "tempo_19": 126.74433333333334,
  "dance_20": 0.5027142857142857,
  "energy_20": 0.541,
  "loudness_20": -7.8795714285714284,
  "mode_20": 0.7142857142857143,
  "speechi_20": 0.05248571428571429,
  "acoustic_20": 0.566857142857143,
  "instrumental_20": 0.00011801285714285715,
  "liveness_20": 0.12467142857142856,
  "valence_20": 0.4735714285714286,
  "tempo_20": 119.11628571428571,
  "dance_21": 0.6115999999999999,
  "energy_21": 0.513,
  "loudness_21": -8.8064,
  "mode_21": 0.5,
  "speechi_21": 0.05106999999999999,
  "acoustic_21": 0.41352,
  "instrumental_21": 0.00040965999999999995,
  "liveness_21": 0.18480000000000002,
  "valence_21": 0.48900000000000005,
  "tempo_21": 120.61239999999998,
  "dance_22": 0.6488695652173914,
  "energy_22": 0.5748695652173913,
  "loudness_22": -8.15095652173913,
  "mode_22": 0.5217391304347826,
  "speechi_22": 0.05100869565217391,
  "acoustic_22": 0.4219739130434783,
  "instrumental_22": 0.0029653439130434786,
  "liveness_22": 0.14223043478260874,
  "valence_22": 0.5216086956521739,
  "tempo_22": 113.21586956521736,
  "dance_23": 0.6996666666666665,
  "energy_23": 0.6501499999999998,
  "loudness_23": -7.787357142857142,
  "mode_23": 0.42857142857142855,
  "speechi_23": 0.10233571428571428,
  "acoustic_23": 0.38311904761904764,
  "instrumental_23": 0.09403621119047618,
  "liveness_23": 0.17915714285714288,
  "valence_23": 0.5963571428571427,
  "tempo_23": 122.72538095238096,
  "dance_24": 0.6848823529411764,
  "energy_24": 0.6557058823529411,
  "loudness_24": -6.970000000000001,
  "mode_24": 0.6470588235294118,
  "speechi_24": 0.06339411764705882,
  "acoustic_24": 0.27788823529411766,
  "instrumental_24": 0.0463116394117647,
  "liveness_24": 0.1796235294117647,
  "valence_24": 0.573058823529412,
  "tempo_24": 115.83817647058824,
  "dance_25": 0.6612727272727272,
  "energy_25": 0.5343636363636364,
  "loudness_25": -7.456636363636363,
  "mode_25": 0.7272727272727273,
  "speechi_25": 0.059790909090909096,