{
  "dance_1": 0.6668636363636364,
  "energy_1": 0.5713636363636363,
  "loudness_1": -7.39381818181818,
  "mode_1": 0.6818181818181818,
  "speechi_1": 0.06208181818181819,
  "acoustic_1": 0.44018181818181823,
  "instrumental_1": 2.6584090909090905e-05,
  "liveness_1": 0.1552409090909091,
  "valence_1": 0.5042909090909092,
  "tempo_1": 110.80245454545455
}