{
  "dance_1": 0.5993076923076923,
  "energy_1": 0.5448461538461539,
  "loudness_1": -8.853461538461538,
  "mode_1": 0.6153846153846154,
  "speechi_1": 0.0577,
  "acoustic_1": 0.49491538461538465,
  "instrumental_1": 0.00011026153846153847,
  "liveness_1": 0.13190769230769234,
  "valence_1": 0.5103076923076924,
  "tempo_1": 118.18846153846154,
  "dance_2": 0.5133157894736842,
  "energy_2": 0.5593157894736841,
  "loudness_2": -7.067263157894736,
  "mode_2": 0.6842105263157895,
  "speechi_2": 0.05203684210526316,
  "acoustic_2": 0.5300947368421053,
  "instrumental_2": 0.0002093847368421053,
  "liveness_2": 0.18708421052631577,
  "valence_2": 0.433,
  "tempo_2": 122.76494736842103,
  "dance_3": 0.6896785714285713,
  "energy_3": 0.7096071428571429,
  "loudness_3": -7.193607142857142,
  "mode_3": 0.35714285714285715,
  "speechi_3": 0.0966357142857143,
  "acoustic_3": 0.3021860714285714,
  "instrumental_3": 0.014263839285714284,
  "liveness_3": 0.19215357142857145,
  "valence_3": 0.6659285714285714,
  "tempo_3": 132.38449999999997,
  "dance_4": 0.7311153846153846,
  "energy_4": 0.8428076923076924,
  "loudness_4": -4.721038461538463,
  "mode_4": 0.5769230769230769,
  "speechi_4": 0.09523461538461536,
  "acoustic_4": 0.18136730769230774,
  "instrumental_4": 0.003566096538461538,
  "liveness_4": 0.1886884615384616,
  "valence_4": 0.674269230769231,
  "tempo_4": 112.14753846153846,
  "dance_5": 0.8203333333333335,
  "energy_5": 0.7693333333333333,
  "loudness_5": -5.895666666666666,
  "mode_5": 0.3333333333333333,
  "speechi_5": 0.06343333333333333,
  "acoustic_5": 0.08666666666666667,
  "instrumental_5": 1.2166666666666667e-05,
  "liveness_5": 0.15003333333333332,
  "valence_5": 0.4546666666666666,
  "tempo_5": 103.62666666666667,
  "dance_6": 0.5103437500000002,
  "energy_6": 0.4384062500000001,
  "loudness_6": -9.64490625,
  "mode_6": 0.6875,
  "speechi_6": 0.039556249999999994,
  "acoustic_6": 0.6966562500000002,
  "instrumental_6": 0.09500974562500002,
  "liveness_6": 0.15344687500000007,
  "valence_6": 0.364175,
  "tempo_6": 114.79799999999997,
  "dance_7": 0.5892222222222222,
  "energy_7": 0.5785555555555555,
  "loudness_7": -8.150333333333334,
  "mode_7": 0.6666666666666666,
  "speechi_7": 0.04385555555555555,
  "acoustic_7": 0.5480888888888888,
  "instrumental_7": 0.0016252555555555557,
  "liveness_7": 0.16693333333333332,
  "valence_7": 0.5665555555555556,
  "tempo_7": 96.02499999999999,
  "dance_8": 0.523,
  "energy_8": 0.768,
  "loudness_8": -4.953,
  "mode_8": 0,
  "speechi_8": 0.0566,
  "acoustic_8": 0.447,
  "instrumental_8": 0.000226,
  "liveness_8": 0.0833,
  "valence_8": 0.669,
  "tempo_8": 75.03,
  "dance_9": 0.4781000000000001,
  "energy_9": 0.5493,
  "loudness_9": -6.7326999999999995,
  "mode_9": 0.8,
  "speechi_9": 0.034390000000000004,
  "acoustic_9": 0.6304999999999998,
  "instrumental_9": 0.00061588,
  "liveness_9": 0.17858000000000002,
  "valence_9": 0.3524,
  "tempo_9": 97.5375,
  "dance_10": 0.6746,
  "energy_10": 0.4364,
  "loudness_10": -10.5744,
  "mode_10": 0.8,
  "speechi_10": 0.04486,
  "acoustic_10": 0.6394,
  "instrumental_10": 8.526000000000001e-05,
  "liveness_10": 0.1477,
  "valence_10": 0.6032,
  "tempo_10": 88.2096,
  "dance_11": 0.5081842105263158,
  "energy_11": 0.5618157894736842,
  "loudness_11": -6.832736842105263,
  "mode_11": 0.42105263157894735,
  "speechi_11": 0.041784210526315785,
  "acoustic_11": 0.5498999999999998,
  "instrumental_11": 0.0004017834210526316,
  "liveness_11": 0.14828157894736838,
  "valence_11": 0.35883947368421054,
  "tempo_11": 109.92726315789476,
  "dance_12": 0.5747857142857142,
  "energy_12": 0.5993571428571428,
  "loudness_12": -7.849857142857142,
  "mode_12": 0.5714285714285714,
  "speechi_12": 0.05617142857142858,
  "acoustic_12": 0.5352857142857143,
  "instrumental_12": 0.0005398928571428572,
  "liveness_12": 0.13359285714285715,
  "valence_12": 0.3916428571428571,
  "tempo_12": 107.1662857142857,
  "dance_13": 0.5462857142857142,
  "energy_13": 0.44011714285714293,
  "loudness_13": -12.781,
  "mode_13": 0.7857142857142857,
  "speechi_13": 0.06934285714285714,
  "acoustic_13": 0.6074571428571429,
  "instrumental_13": 0.19664215142857144,
  "liveness_13": 0.11244999999999998,
  "valence_13": 0.40444285714285716,
  "tempo_13": 116.02328571428572,
  "dance_14": 0.5616279069767441,
  "energy_14": 0.47749837209302337,
  "loudness_14": -9.960325581395347,
  "mode_14": 0.6976744186046512,
  "speechi_14": 0.06611860465116277,
  "acoustic_14": 0.5459441860465116,
  "instrumental_14": 0.10762567697674415,
  "liveness_14": 0.12793953488372092,
  "valence_14": 0.3990232558139536,
  "tempo_14": 116.75551162790698,
  "dance_15": 0.48999999999999994,
  "energy_15": 0.592,
  "loudness_15": -7.338857142857143,
  "mode_15": 0.2857142857142857,
  "speechi_15": 0.09065714285714285,
  "acoustic_15": 0.5227142857142857,
  "instrumental_15": 0.0043927,
  "liveness_15": 0.15857142857142856,
  "valence_15": 0.44471428571428573,
  "tempo_15": 105.37114285714286,
  "dance_16": 0.5511481481481483,
  "energy_16": 0.5640407407407407,
  "loudness_16": -7.911666666666666,
  "mode_16": 0.48148148148148145,
  "speechi_16": 0.07332592592592592,
  "acoustic_16": 0.403474074074074,
  "instrumental_16": 0.07123042296296296,
  "liveness_16": 0.12772592592592594,
  "valence_16": 0.4507037037037038,
  "tempo_16": 110.67266666666666,
  "dance_17": 0.5543571428571428,
  "energy_17": 0.5663571428571428,
  "loudness_17": -8.311357142857142,
  "mode_17": 0.5714285714285714,
  "speechi_17": 0.045392857142857145,
  "acoustic_17": 0.4628285714285714,
  "instrumental_17": 0.00018356785714285714,
  "liveness_17": 0.15207142857142855,
  "valence_17": 0.4337142857142857,
  "tempo_17": 120.33707142857145,
  "dance_18": 0.5449999999999999,
  "energy_18": 0.61875,
  "loudness_18": -7.382250000000001,
  "mode_18": 0.5,
  "speechi_18": 0.061625000000000006,
  "acoustic_18": 0.445,
  "instrumental_18": 0.000483625,
  "liveness_18": 0.20127499999999998,
  "valence_18": 0.38525,
  "tempo_18": 116.64724999999999,
  "dance_19": 0.5208571428571428,
  "energy_19": 0.5837142857142857,
  "loudness_19": -7.074142857142858,
  "mode_19": 0.5714285714285714,
  "speechi_19": 0.052928571428571436,
  "acoustic_19": 0.4172342857142857,
  "instrumental_19": 0.0003235328571428572,
  "liveness_19": 0.1299857142857143,
  "valence_19": 0.46314285714285713,
  "tempo_19": 113.95257142857142,
  "dance_20": 0.5442,
  "energy_20": 0.5566000000000001,
  "loudness_20": -6.8751999999999995,
  "mode_20": 0.6,
  "speechi_20": 0.03654,
  "acoustic_20": 0.6156,
  "instrumental_20": 9.9e-06,
  "liveness_20": 0.17228000000000002,
  "valence_20": 0.376,
  "tempo_20": 104.48920000000001,
  "dance_21": 0.766,
  "energy_21": 0.875,
  "loudness_21": -3.195,
  "mode_21": 1.0,
  "speechi_21": 0.0963,
  "acoustic_21": 0.0799,
  "instrumental_21": 9.53e-06,
  "liveness_21": 0.124,
  "valence_21": 0.775,
  "tempo_21": 131.015,
  "dance_22": 0.7320526315789476,
  "energy_22": 0.8055789473684211,
  "loudness_22": -4.430526315789474,
  "mode_22": 0.47368421052631576,
  "speechi_22": 0.06096315789473685,
  "acoustic_22": 0.09550894736842101,
  "instrumental_22": 0.0029091263157894737,
  "liveness_22": 0.2730105263157895,
  "valence_22": 0.7195789473684211,
  "tempo_22": 119.19800000000001,
  "dance_23": 0.5189999999999999,
  "energy_23": 0.5673076923076923,
  "loudness_23": -6.774923076923074,
  "mode_23": 0.34615384615384615,
  "speechi_23": 0.045349999999999994,
  "acoustic_23": 0.5303315384615386,
  "instrumental_23": 0.00014821230769230772,
  "liveness_23": 0.18201538461538466,
  "valence_23": 0.369576923076923,
  "tempo_23": 104.16026923076923,
  "dance_24": 0.5353,
  "energy_24": 0.5132,
  "loudness_24": -8.7131,
  "mode_24": 0.5,
  "speechi_24": 0.04707,
  "acoustic_24": 0.61405,
  "instrumental_24": 0.0030229330000000002,
  "liveness_24": 0.17077,
  "valence_24": 0.36639999999999995,
  "tempo_24": 113.57150000000001,
  "dance_25": 0.4568,
  "energy_25": 0.4478000000000001,