{
  "dance_1": 0.622,
  "energy_1": 0.593,
  "loudness_1": -8.352,
  "mode_1": 0,
  "speechi_1": 0.0916,
  "acoustic_1": 0.163,
  "instrumental_1": 0,
  "liveness_1": 0.0979,
  "valence_1": 0.607,
  "tempo_1": 94.364,
  "dance_2": 0.5481666666666668,
  "energy_2": 0.5988333333333332,
  "loudness_2": -9.405833333333334,
  "mode_2": 1.0,
  "speechi_2": 0.03728333333333333,
  "acoustic_2": 0.176385,
  "instrumental_2": 0.04360833333333333,
  "liveness_2": 0.13866666666666666,
  "valence_2": 0.47409999999999997,
  "tempo_2": 134.07666666666668,
  "dance_3": 0.5915185185185187,
  "energy_3": 0.4879911111111111,
  "loudness_3": -12.943629629629626,
  "mode_3": 0.48148148148148145,
  "speechi_3": 0.07528888888888889,
  "acoustic_3": 0.40279259259259254,
  "instrumental_3": 0.21757917703703702,
  "liveness_3": 0.16423703703703707,
  "valence_3": 0.4241296296296297,
  "tempo_3": 107.88933333333333,
  "dance_4": 0.5766666666666667,
  "energy_4": 0.73,
  "loudness_4": -7.780333333333334,
  "mode_4": 1.0,
  "speechi_4": 0.032733333333333337,
  "acoustic_4": 0.13213333333333332,
  "instrumental_4": 0.0025064666666666665,
  "liveness_4": 0.15983333333333333,
  "valence_4": 0.6936666666666667,
  "tempo_4": 85.85166666666667,
  "dance_5": 0.6070625000000001,
  "energy_5": 0.528115,
  "loudness_5": -11.7341875,
  "mode_5": 0.5625,
  "speechi_5": 0.08013125000000001,
  "acoustic_5": 0.31649375,
  "instrumental_5": 0.19236167375000002,
  "liveness_5": 0.1375625,
  "valence_5": 0.45298125,
  "tempo_5": 117.96575,
  "dance_6": 0.6213076923076922,
  "energy_6": 0.587285641025641,
  "loudness_6": -9.578846153846156,
  "mode_6": 0.48717948717948717,
  "speechi_6": 0.0953205128205128,
  "acoustic_6": 0.3415723076923076,
  "instrumental_6": 0.16745641846153844,
  "liveness_6": 0.17660256410256414,
  "valence_6": 0.4971205128205129,
  "tempo_6": 109.50538461538464,
  "dance_7": 0.5913333333333334,
  "energy_7": 0.6819999999999999,
  "loudness_7": -6.047,
  "mode_7": 0.3333333333333333,
  "speechi_7": 0.10583333333333333,
  "acoustic_7": 0.18876666666666667,
  "instrumental_7": 4.7e-06,
  "liveness_7": 0.11673333333333334,
  "valence_7": 0.42933333333333334,
  "tempo_7": 143.633,
  "dance_8": 0.521,
  "energy_8": 0.137,
  "loudness_8": -11.628,
  "mode_8": 0,
  "speechi_8": 0.0301,
  "acoustic_8": 0.884,
  "instrumental_8": 0,
  "liveness_8": 0.105,
  "valence_8": 0.531,
  "tempo_8": 80.502,
  "dance_9": 0.6278571428571429,
  "energy_9": 0.5440914285714286,
  "loudness_9": -10.98857142857143,
  "mode_9": 0.42857142857142855,
  "speechi_9": 0.10087142857142858,
  "acoustic_9": 0.25439,
  "instrumental_9": 0.16006296857142857,
  "liveness_9": 0.12368571428571429,
  "valence_9": 0.4047714285714286,
  "tempo_9": 112.76842857142857,
  "dance_10": 0.5204285714285715,
  "energy_10": 0.5702999999999999,
  "loudness_10": -10.853285714285713,
  "mode_10": 0.8571428571428571,
  "speechi_10": 0.037385714285714286,
  "acoustic_10": 0.23929714285714285,
  "instrumental_10": 0.1532,
  "liveness_10": 0.12742857142857142,
  "valence_10": 0.4245857142857143,
  "tempo_10": 127.8337142857143,
  "dance_11": 0.5674062499999999,
  "energy_11": 0.503160625,
  "loudness_11": -12.315999999999999,
  "mode_11": 0.5,
  "speechi_11": 0.09286875,
  "acoustic_11": 0.38856250000000003,
  "instrumental_11": 0.24184802437499997,
  "liveness_11": 0.19515625000000003,
  "valence_11": 0.43342187499999996,
  "tempo_11": 111.92906250000001,
  "dance_12": 0.5851428571428572,
  "energy_12": 0.5228799999999999,
  "loudness_12": -12.022428571428573,
  "mode_12": 0.5714285714285714,
  "speechi_12": 0.08204285714285715,
  "acoustic_12": 0.304452380952381,
  "instrumental_12": 0.2021041323809524,
  "liveness_12": 0.15528095238095238,
  "valence_12": 0.4439095238095239,
  "tempo_12": 117.83909523809524,
  "dance_13": 0.6220714285714287,
  "energy_13": 0.5685457142857143,
  "loudness_13": -10.157642857142857,
  "mode_13": 0.7142857142857143,
  "speechi_13": 0.09020714285714289,
  "acoustic_13": 0.3000357142857143,
  "instrumental_13": 0.06790297714285713,
  "liveness_13": 0.1495714285714286,
  "valence_13": 0.45509999999999995,
  "tempo_13": 120.8635714285714,
  "dance_14": 0.6278571428571429,
  "energy_14": 0.5440914285714286,
  "loudness_14": -10.98857142857143,
  "mode_14": 0.42857142857142855,
  "speechi_14": 0.10087142857142858,
  "acoustic_14": 0.25439,
  "instrumental_14": 0.16006296857142857,
  "liveness_14": 0.12368571428571429,
  "valence_14": 0.4047714285714286,
  "tempo_14": 112.76842857142857,
  "dance_15": 0.5892333333333334,
  "energy_15": 0.5310493333333333,
  "loudness_15": -11.858600000000001,
  "mode_15": 0.5333333333333333,
  "speechi_15": 0.08539999999999999,
  "acoustic_15": 0.32231566666666667,
  "instrumental_15": 0.21083091866666667,
  "liveness_15": 0.15669000000000005,
  "valence_15": 0.4628533333333334,
  "tempo_15": 117.62633333333333,
  "dance_16": 0.59875,
  "energy_16": 0.551955,
  "loudness_16": -11.369374999999998,
  "mode_16": 0.5,
  "speechi_16": 0.09263750000000001,
  "acoustic_16": 0.31234125,
  "instrumental_16": 0.25793009749999996,
  "liveness_16": 0.12460000000000002,
  "valence_16": 0.380425,
  "tempo_16": 119.65987500000001,
  "dance_17": 0.6608333333333334,
  "energy_17": 0.53994,
  "loudness_17": -11.274333333333333,
  "mode_17": 0.3333333333333333,
  "speechi_17": 0.11035,
  "acoustic_17": 0.29487166666666664,
  "instrumental_17": 0.18450679666666667,
  "liveness_17": 0.11713333333333333,
  "valence_17": 0.4611,
  "tempo_17": 109.89783333333334,
  "dance_18": 0.6203636363636365,
  "energy_18": 0.5694218181818181,
  "loudness_18": -10.437000000000001,
  "mode_18": 0.6363636363636364,
  "speechi_18": 0.07652727272727274,
  "acoustic_18": 0.2560036363636364,
  "instrumental_18": 0.12320825272727275,
  "liveness_18": 0.1247090909090909,
  "valence_18": 0.5040363636363637,
  "tempo_18": 121.25954545454546,
  "dance_19": 0.56725,
  "energy_19": 0.5875124999999999,
  "loudness_19": -11.134374999999999,
  "mode_19": 1.0,
  "speechi_19": 0.039850000000000003,
  "acoustic_19": 0.2714025,
  "instrumental_19": 0.13440575,
  "liveness_19": 0.12127500000000001,
  "valence_19": 0.575975,
  "tempo_19": 130.12400000000002,
  "dance_20": 0.6278571428571429,
  "energy_20": 0.5440914285714286,
  "loudness_20": -10.98857142857143,
  "mode_20": 0.42857142857142855,
  "speechi_20": 0.10087142857142858,
  "acoustic_20": 0.25439,
  "instrumental_20": 0.16006296857142857,
  "liveness_20": 0.12368571428571429,
  "valence_20": 0.4047714285714286,
  "tempo_20": 112.76842857142857,
  "dance_21": 0.632263157894737,
  "energy_21": 0.6256652631578947,
  "loudness_21": -9.012263157894736,
  "mode_21": 0.5789473684210527,
  "speechi_21": 0.10128421052631578,
  "acoustic_21": 0.22729473684210522,
  "instrumental_21": 0.07083672,
  "liveness_21": 0.15745789473684213,
  "valence_21": 0.4343894736842105,
  "tempo_21": 116.35136842105263,
  "dance_22": 0.6870869565217391,
  "energy_22": 0.7082608695652175,
  "loudness_22": -6.7151304347826075,
  "mode_22": 0.5652173913043478,
  "speechi_22": 0.12212173913043477,
  "acoustic_22": 0.1727999434782609,
  "instrumental_22": 0.04548868217391305,
  "liveness_22": 0.1289304347826087,
  "valence_22": 0.5374347826086957,
  "tempo_22": 117.79013043478264
}