{
  "dance_1": 0.585,
  "energy_1": 0.564,
  "loudness_1": -8.801,
  "mode_1": 1.0,
  "speechi_1": 0.0303,
  "acoustic_1": 0.108,
  "instrumental_1": 0,
  "liveness_1": 0.156,
  "valence_1": 0.552,
  "tempo_1": 145.026,
  "dance_2": 0,
  "energy_2": 0,
  "loudness_2": 0,
  "mode_2": 0,
  "speechi_2": 0,
  "acoustic_2": 0,
  "instrumental_2": 0,
  "liveness_2": 0,
  "valence_2": 0,
  "tempo_2": 0,
  "dance_3": 0,
  "energy_3": 0,
  "loudness_3": 0,
  "mode_3": 0,
  "speechi_3": 0,
  "acoustic_3": 0,
  "instrumental_3": 0,
  "liveness_3": 0,
  "valence_3": 0,
  "tempo_3": 0,
  "dance_4": 0,
  "energy_4": 0,
  "loudness_4": 0,
  "mode_4": 0,
  "speechi_4": 0,
  "acoustic_4": 0,
  "instrumental_4": 0,
  "liveness_4": 0,
  "valence_4": 0,
  "tempo_4": 0,
  "dance_5": 0.5907058823529412,
  "energy_5": 0.4933235294117648,
  "loudness_5": -8.996411764705883,
  "mode_5": 0.8823529411764706,
  "speechi_5": 0.05740588235294117,
  "acoustic_5": 0.5340440147058823,
  "instrumental_5": 0.06381688205882352,
  "liveness_5": 0.14634705882352939,
  "valence_5": 0.4121735294117646,
  "tempo_5": 121.71347058823527,
  "dance_6": 0.609857142857143,
  "energy_6": 0.5117142857142856,
  "loudness_6": -9.392142857142858,
  "mode_6": 0.8214285714285714,
  "speechi_6": 0.04482857142857143,
  "acoustic_6": 0.45059273214285717,
  "instrumental_6": 0.04097401857142857,
  "liveness_6": 0.14655714285714286,
  "valence_6": 0.4574285714285716,
  "tempo_6": 114.82639285714285,
  "dance_7": 0.72,
  "energy_7": 0.558,
  "loudness_7": -7.907,
  "mode_7": 1.0,
  "speechi_7": 0.127,
  "acoustic_7": 0.0212,
  "instrumental_7": 0.000705,
  "liveness_7": 0.205,
  "valence_7": 0.198,
  "tempo_7": 105.876,
  "dance_8": 0.7595714285714286,
  "energy_8": 0.6368571428571429,
  "loudness_8": -8.100071428571427,
  "mode_8": 0.7857142857142857,
  "speechi_8": 0.05557857142857142,
  "acoustic_8": 0.3342835714285715,
  "instrumental_8": 0.010486345714285713,
  "liveness_8": 0.1335714285714286,
  "valence_8": 0.8479285714285715,
  "tempo_8": 98.56007142857142,
  "dance_9": 0.5707142857142857,
  "energy_9": 0.4754285714285714,
  "loudness_9": -10.058714285714286,
  "mode_9": 0.7142857142857143,
  "speechi_9": 0.047214285714285716,
  "acoustic_9": 0.4017757142857143,
  "instrumental_9": 0.000277,
  "liveness_9": 0.12901428571428572,
  "valence_9": 0.40985714285714286,
  "tempo_9": 128.03814285714287,
  "dance_10": 0.577421052631579,
  "energy_10": 0.5675263157894738,
  "loudness_10": -7.869684210526316,
  "mode_10": 0.7368421052631579,
  "speechi_10": 0.05719999999999999,
  "acoustic_10": 0.3216078947368421,
  "instrumental_10": 0.01458449894736842,
  "liveness_10": 0.16397894736842103,
  "valence_10": 0.43793157894736845,
  "tempo_10": 120.45647368421054,
  "dance_11": 0.6483684210526317,
  "energy_11": 0.5254105263157894,
  "loudness_11": -8.589210526315787,
  "mode_11": 0.5789473684210527,
  "speechi_11": 0.07078421052631578,
  "acoustic_11": 0.374471052631579,
  "instrumental_11": 0.09981497421052632,
  "liveness_11": 0.1891368421052632,
  "valence_11": 0.4656105263157895,
  "tempo_11": 115.39573684210525,
  "dance_12": 0.681,
  "energy_12": 0.0388,
  "loudness_12": -19.522,
  "mode_12": 1.0,
  "speechi_12": 0.0311,
  "acoustic_12": 0.976,
  "instrumental_12": 0.886,
  "liveness_12": 0.111,
  "valence_12": 0.251,
  "tempo_12": 110.129,
  "dance_13": 0.66575,
  "energy_13": 0.5970666666666667,
  "loudness_13": -8.237666666666668,
  "mode_13": 0.75,
  "speechi_13": 0.07095833333333333,
  "acoustic_13": 0.3145716666666667,
  "instrumental_13": 0.15100447916666668,
  "liveness_13": 0.13724166666666668,
  "valence_13": 0.47808333333333325,
  "tempo_13": 118.95233333333333,
  "dance_14": 0.5266666666666667,
  "energy_14": 0.5579999999999999,
  "loudness_14": -6.9955,
  "mode_14": 0.8333333333333334,
  "speechi_14": 0.06181666666666666,
  "acoustic_14": 0.4044666666666667,
  "instrumental_14": 0.0003214166666666667,
  "liveness_14": 0.13318333333333332,
  "valence_14": 0.5008333333333334,
  "tempo_14": 112.02433333333333,
  "dance_15": 0.612,
  "energy_15": 0.6365000000000001,
  "loudness_15": -7.125500000000001,
  "mode_15": 0.5,
  "speechi_15": 0.1611,
  "acoustic_15": 0.4995,
  "instrumental_15": 0.454,
  "liveness_15": 0.1981,
  "valence_15": 0.587,
  "tempo_15": 115.98100000000001,
  "dance_16": 0.259,
  "energy_16": 0.437,
  "loudness_16": -6.589,
  "mode_16": 0,
  "speechi_16": 0.0386,
  "acoustic_16": 0.102,
  "instrumental_16": 1.32e-06,
  "liveness_16": 0.106,
  "valence_16": 0.0951,
  "tempo_16": 180.042,
  "dance_17": 0.43333333333333335,
  "energy_17": 0.5943333333333333,
  "loudness_17": -6.950666666666666,
  "mode_17": 0.3333333333333333,
  "speechi_17": 0.07513333333333333,
  "acoustic_17": 0.1731366666666667,
  "instrumental_17": 0.034467106666666664,
  "liveness_17": 0.11086666666666667,
  "valence_17": 0.34736666666666666,
  "tempo_17": 156.091,
  "dance_18": 0.579,
  "energy_18": 0.712,
  "loudness_18": -6.119,
  "mode_18": 0,
  "speechi_18": 0.0308,
  "acoustic_18": 0.259,
  "instrumental_18": 0.000253,
  "liveness_18": 0.18,
  "valence_18": 0.486,
  "tempo_18": 80.998,
  "dance_19": 0.608,
  "energy_19": 0.8651666666666666,
  "loudness_19": -6.138333333333335,
  "mode_19": 1.0,
  "speechi_19": 0.12296666666666667,
  "acoustic_19": 0.3837166666666667,
  "instrumental_19": 1.6886666666666665e-05,
  "liveness_19": 0.22043333333333334,
  "valence_19": 0.7503333333333333,
  "tempo_19": 100.49483333333332,
  "dance_20": 0.6227599999999999,
  "energy_20": 0.5478696,
  "loudness_20": -9.775719999999998,
  "mode_20": 0.4,
  "speechi_20": 0.081364,
  "acoustic_20": 0.48440039999999995,
  "instrumental_20": 0.09005003959999999,
  "liveness_20": 0.18618,
  "valence_20": 0.4769839999999999,
  "tempo_20": 119.73624000000001,
  "dance_21": 0.6255263157894737,
  "energy_21": 0.517421052631579,
  "loudness_21": -9.203842105263158,
  "mode_21": 0.2631578947368421,
  "speechi_21": 0.09114736842105262,
  "acoustic_21": 0.5016421052631579,
  "instrumental_21": 0.06013385421052632,
  "liveness_21": 0.2147263157894737,
  "valence_21": 0.5310526315789473,
  "tempo_21": 116.74457894736842,
  "dance_22": 0.6906666666666667,
  "energy_22": 0.8853333333333332,
  "loudness_22": -6.421333333333333,
  "mode_22": 1.0,
  "speechi_22": 0.10726666666666666,
  "acoustic_22": 0.17569999999999997,
  "instrumental_22": 0.0019539366666666666,
  "liveness_22": 0.29333333333333333,
  "valence_22": 0.8096666666666666,
  "tempo_22": 117.87233333333334,
  "dance_23": 0.6248571428571429,
  "energy_23": 0.5892857142857143,
  "loudness_23": -7.362285714285714,
  "mode_23": 0.5714285714285714,
  "speechi_23": 0.05155714285714286,
  "acoustic_23": 0.4583571428571429,
  "instrumental_23": 0.001966392142857143,
  "liveness_23": 0.1774,
  "valence_23": 0.5992857142857142,
  "tempo_23": 115.47471428571428,
  "dance_24": 0.635,
  "energy_24": 0.5630000000000001,
  "loudness_24": -5.9415,
  "mode_24": 0.75,
  "speechi_24": 0.033825,
  "acoustic_24": 0.7655,
  "instrumental_24": 2.07525e-05,
  "liveness_24": 0.09359999999999999,
  "valence_24": 0.5215,
  "tempo_24": 87.02225,
  "dance_25": 0.5715714285714286,
  "energy_25": 0.6345238095238096,
  "loudness_25": -7.070761904761905,
  "mode_25": 0.8095238095238095,
  "speechi_25": 0.05628571428571427,
  "acoustic_25": 0.46790095238095236,
  "instrumental_25": 0.002597404761904762,
  "liveness_25": 0.16038095238095237,
  "valence_25": 0.5398571428571429,
  "tempo_25": 105.45523809523807,
  "dance_26": 0.6009411764705882,
  "energy_26": 0.6544117647058824,
  "loudness_26": -8.545117647058825,
  "mode_26": 0.47058823529411764,
  "speechi_26": 0.057294117647058815,
  "acoustic_26": 0.4373405882352941,
  "instrumental_26": 0.004690804705882353,
  "liveness_26": 0.20680588235294114,
  "valence_26": 0.48517647058823526,
  "tempo_26": 112.10370588235293,
  "dance_27": 0.6705,
  "energy_27": 0.5235,
  "loudness_27": -7.33975,
  "mode_27": 0.25,
  "speechi_27": 0.12335,
  "acoustic_27": 0.41025,