{
  "dance_1": 0.7835000000000001,
  "energy_1": 0.7645,
  "loudness_1": -6.121499999999999,
  "mode_1": 0.5,
  "speechi_1": 0.0691,
  "acoustic_1": 0.302,
  "instrumental_1": 1.03e-06,
  "liveness_1": 0.07305,
  "valence_1": 0.653,
  "tempo_1": 109.003,
  "dance_2": 0.8089999999999999,
  "energy_2": 0.695,
  "loudness_2": -4.3625,
  "mode_2": 1.0,
  "speechi_2": 0.243,
  "acoustic_2": 0.026050000000000004,
  "instrumental_2": 0,
  "liveness_2": 0.19829999999999998,
  "valence_2": 0.7645,
  "tempo_2": 114.882,
  "dance_3": 0.801,
  "energy_3": 0.698,
  "loudness_3": -5.02425,
  "mode_3": 0.75,
  "speechi_3": 0.191675,
  "acoustic_3": 0.09972500000000001,
  "instrumental_3": 5.15e-07,
  "liveness_3": 0.131675,
  "valence_3": 0.67675,
  "tempo_3": 102.68400000000001,
  "dance_4": 0.7268970588235295,
  "energy_4": 0.6465735294117646,
  "loudness_4": -6.467352941176469,
  "mode_4": 0.5147058823529411,
  "speechi_4": 0.13512499999999997,
  "acoustic_4": 0.19174498088235298,
  "instrumental_4": 0.04434180220588235,
  "liveness_4": 0.18847205882352935,
  "valence_4": 0.5215588235294119,
  "tempo_4": 117.25517647058825,
  "dance_5": 0.7074736842105261,
  "energy_5": 0.6263684210526317,
  "loudness_5": -6.406473684210527,
  "mode_5": 0.47368421052631576,
  "speechi_5": 0.10117894736842105,
  "acoustic_5": 0.33510368421052633,
  "instrumental_5": 0.00022455947368421055,
  "liveness_5": 0.21074736842105268,
  "valence_5": 0.5855789473684211,
  "tempo_5": 117.01952631578948,
  "dance_6": 0.8255,
  "energy_6": 0.5695,
  "loudness_6": -6.94,
  "mode_6": 0.5,
  "speechi_6": 0.17015,
  "acoustic_6": 0.21805,
  "instrumental_6": 0.00119,
  "liveness_6": 0.33499999999999996,
  "valence_6": 0.313,
  "tempo_6": 120.02250000000001,
  "dance_7": 0.8380000000000001,
  "energy_7": 0.5086666666666667,
  "loudness_7": -7.979,
  "mode_7": 0.3333333333333333,
  "speechi_7": 0.19876666666666667,
  "acoustic_7": 0.2670333333333333,
  "instrumental_7": 0.0015866666666666668,
  "liveness_7": 0.24333333333333332,
  "valence_7": 0.33866666666666667,
  "tempo_7": 113.35266666666666,
  "dance_8": 0.7138749999999999,
  "energy_8": 0.6394583333333332,
  "loudness_8": -5.841916666666667,
  "mode_8": 0.4583333333333333,
  "speechi_8": 0.12260833333333333,
  "acoustic_8": 0.223625,
  "instrumental_8": 0.006990243333333334,
  "liveness_8": 0.26658750000000003,
  "valence_8": 0.5077499999999998,
  "tempo_8": 110.51320833333334,
  "dance_9": 0.696,
  "energy_9": 0.6659333333333334,
  "loudness_9": -5.731333333333333,
  "mode_9": 0.5333333333333333,
  "speechi_9": 0.11935333333333335,
  "acoustic_9": 0.20611999999999997,
  "instrumental_9": 0.00016713600000000002,
  "liveness_9": 0.18921333333333334,
  "valence_9": 0.49180000000000007,
  "tempo_9": 106.31040000000002,
  "dance_10": 0.6926212121212122,
  "energy_10": 0.6453787878787877,
  "loudness_10": -6.42001515151515,
  "mode_10": 0.6363636363636364,
  "speechi_10": 0.13584848484848486,
  "acoustic_10": 0.27749705954545445,
  "instrumental_10": 0.023621853181818194,
  "liveness_10": 0.22162727272727276,
  "valence_10": 0.49555606060606056,
  "tempo_10": 116.38381818181819,
  "dance_11": 0.7024918032786885,
  "energy_11": 0.671704918032787,
  "loudness_11": -6.101540983606559,
  "mode_11": 0.4918032786885246,
  "speechi_11": 0.11310491803278692,
  "acoustic_11": 0.25703967213114753,
  "instrumental_11": 0.01439738,
  "liveness_11": 0.2795491803278688,
  "valence_11": 0.5071311475409838,
  "tempo_11": 115.6750491803279,
  "dance_12": 0.7118181818181817,
  "energy_12": 0.778,
  "loudness_12": -4.311909090909091,
  "mode_12": 0.2727272727272727,
  "speechi_12": 0.0842909090909091,
  "acoustic_12": 0.19928363636363636,
  "instrumental_12": 0,
  "liveness_12": 0.301,
  "valence_12": 0.592,
  "tempo_12": 104.07145454545453,
  "dance_13": 0.7211818181818183,
  "energy_13": 0.7007727272727272,
  "loudness_13": -5.206,
  "mode_13": 0.36363636363636365,
  "speechi_13": 0.12157727272727276,
  "acoustic_13": 0.17560863636363638,
  "instrumental_13": 0.018357,
  "liveness_13": 0.17952727272727273,
  "valence_13": 0.5332272727272728,
  "tempo_13": 108.87609090909092,
  "dance_14": 0.6546521739130435,
  "energy_14": 0.5948260869565217,
  "loudness_14": -6.9833043478260866,
  "mode_14": 0.6521739130434783,
  "speechi_14": 0.06462608695652174,
  "acoustic_14": 0.3558696086956521,
  "instrumental_14": 0.016950234782608695,
  "liveness_14": 0.2008391304347826,
  "valence_14": 0.4353043478260869,
  "tempo_14": 112.44934782608696,
  "dance_15": 0.7621111111111111,
  "energy_15": 0.6453333333333334,
  "loudness_15": -6.300888888888888,
  "mode_15": 0.1111111111111111,
  "speechi_15": 0.13560000000000003,
  "acoustic_15": 0.27545555555555556,
  "instrumental_15": 0.0005303444444444445,
  "liveness_15": 0.21623333333333333,
  "valence_15": 0.4925555555555555,
  "tempo_15": 103.017,
  "dance_16": 0.82,
  "energy_16": 0.7383333333333333,
  "loudness_16": -3.875,
  "mode_16": 0.6666666666666666,
  "speechi_16": 0.12913333333333335,
  "acoustic_16": 0.1173,
  "instrumental_16": 0,
  "liveness_16": 0.3238666666666667,
  "valence_16": 0.5359999999999999,
  "tempo_16": 105.34400000000001,
  "dance_17": 0.7915000000000001,
  "energy_17": 0.6859999999999999,
  "loudness_17": -5.17975,
  "mode_17": 0.25,
  "speechi_17": 0.13635,
  "acoustic_17": 0.24277499999999996,
  "instrumental_17": 0.000598725,
  "liveness_17": 0.272,
  "valence_17": 0.47475000000000006,
  "tempo_17": 102.529,
  "dance_18": 0.7553333333333334,
  "energy_18": 0.6203333333333334,
  "loudness_18": -6.443444444444444,
  "mode_18": 0.2222222222222222,
  "speechi_18": 0.13203333333333334,
  "acoustic_18": 0.24949999999999997,
  "instrumental_18": 0.000528888888888889,
  "liveness_18": 0.22814444444444446,
  "valence_18": 0.42244444444444446,
  "tempo_18": 109.22944444444445,
  "dance_19": 0.6634655172413793,
  "energy_19": 0.6586689655172414,
  "loudness_19": -7.333655172413791,
  "mode_19": 0.46551724137931033,
  "speechi_19": 0.10375517241379309,
  "acoustic_19": 0.2885105172413792,
  "instrumental_19": 0.07381483879310345,
  "liveness_19": 0.17531724137931032,
  "valence_19": 0.5387155172413792,
  "tempo_19": 118.29991379310344,
  "dance_20": 0.7224146341463414,
  "energy_20": 0.6863658536585368,
  "loudness_20": -6.121365853658535,
  "mode_20": 0.5853658536585366,
  "speechi_20": 0.1475024390243902,
  "acoustic_20": 0.17416435853658535,
  "instrumental_20": 0.06056785073170731,
  "liveness_20": 0.1812682926829268,
  "valence_20": 0.5472926829268294,
  "tempo_20": 110.98529268292683,
  "dance_21": 0.7130555555555556,
  "energy_21": 0.751888888888889,
  "loudness_21": -5.255277777777778,
  "mode_21": 0.3888888888888889,
  "speechi_21": 0.08237777777777777,
  "acoustic_21": 0.2486343722222222,
  "instrumental_21": 0.045646797777777776,
  "liveness_21": 0.22413333333333338,
  "valence_21": 0.615,
  "tempo_21": 115.26083333333332,
  "dance_22": 0.718,
  "energy_22": 0.701,
  "loudness_22": -6.054571428571429,
  "mode_22": 0.42857142857142855,
  "speechi_22": 0.14604285714285714,
  "acoustic_22": 0.07940000000000001,
  "instrumental_22": 0.0007753142857142857,
  "liveness_22": 0.21577142857142856,
  "valence_22": 0.5095714285714286,
  "tempo_22": 95.436,
  "dance_23": 0.6002857142857143,
  "energy_23": 0.5435714285714285,
  "loudness_23": -12.967285714285714,
  "mode_23": 0.42857142857142855,
  "speechi_23": 0.09407142857142856,
  "acoustic_23": 0.32118571428571424,
  "instrumental_23": 0.2560043971428571,
  "liveness_23": 0.19391428571428573,
  "valence_23": 0.35668571428571433,
  "tempo_23": 107.37942857142856,
  "dance_24": 0.7242500000000001,
  "energy_24": 0.6220000000000001,
  "loudness_24": -6.834875,
  "mode_24": 0.25,
  "speechi_24": 0.058562499999999997,
  "acoustic_24": 0.284175,
  "instrumental_24": 0,
  "liveness_24": 0.27654999999999996,
  "valence_24": 0.383875,
  "tempo_24": 105.67825,
  "dance_25": 0.6933846153846154,
  "energy_25": 0.7411153846153844,
  "loudness_25": -5.872711538461539,