{
  "dance_1": 0.6739999999999999,
  "energy_1": 0.8235,
  "loudness_1": -4.379,
  "mode_1": 0,
  "speechi_1": 0.19,
  "acoustic_1": 0.13465,
  "instrumental_1": 0,
  "liveness_1": 0.2755,
  "valence_1": 0.47500000000000003,
  "tempo_1": 87.535,
  "dance_2": 0.6182250000000001,
  "energy_2": 0.5833999999999999,
  "loudness_2": -7.5310000000000015,
  "mode_2": 0.625,
  "speechi_2": 0.05449999999999998,
  "acoustic_2": 0.38604250000000007,
  "instrumental_2": 0.0042666779999999994,
  "liveness_2": 0.1489925,
  "valence_2": 0.59005,
  "tempo_2": 112.21097499999999,
  "dance_3": 0.392,
  "energy_3": 0.183,
  "loudness_3": -16.805,
  "mode_3": 1.0,
  "speechi_3": 0.0655,
  "acoustic_3": 0.987,
  "instrumental_3": 0.899,
  "liveness_3": 0.0688,
  "valence_3": 0.16,
  "tempo_3": 63.424,
  "dance_4": 0.506,
  "energy_4": 0.5235,
  "loudness_4": -10.5695,
  "mode_4": 0.5,
  "speechi_4": 0.08975,
  "acoustic_4": 0.50965,
  "instrumental_4": 0.4495,
  "liveness_4": 0.09290000000000001,
  "valence_4": 0.2775,
  "tempo_4": 80.7415,
  "dance_5": 0.692,
  "energy_5": 0.6674,
  "loudness_5": -7.5732,
  "mode_5": 0,
  "speechi_5": 0.06861999999999999,
  "acoustic_5": 0.26252,
  "instrumental_5": 0.03281706,
  "liveness_5": 0.16673999999999997,
  "valence_5": 0.6348,
  "tempo_5": 116.6514,
  "dance_6": 0.6997500000000001,
  "energy_6": 0.6691250000000001,
  "loudness_6": -7.647875,
  "mode_6": 0.375,
  "speechi_6": 0.055624999999999994,
  "acoustic_6": 0.29702125000000007,
  "instrumental_6": 0.020543875,
  "liveness_6": 0.202275,
  "valence_6": 0.6753750000000001,
  "tempo_6": 129.45825000000002,
  "dance_7": 0.5901666666666666,
  "energy_7": 0.5341666666666667,
  "loudness_7": -9.366833333333334,
  "mode_7": 0.3333333333333333,
  "speechi_7": 0.05763333333333334,
  "acoustic_7": 0.4158833333333334,
  "instrumental_7": 0.09337166666666667,
  "liveness_7": 0.17023333333333335,
  "valence_7": 0.5196666666666667,
  "tempo_7": 108.87316666666665,
  "dance_8": 0.6145625,
  "energy_8": 0.5745729166666669,
  "loudness_8": -7.62121875,
  "mode_8": 0.4375,
  "speechi_8": 0.06671562500000001,
  "acoustic_8": 0.4792695208333333,
  "instrumental_8": 0.010137333645833331,
  "liveness_8": 0.17951979166666673,
  "valence_8": 0.5195416666666668,
  "tempo_8": 113.78744791666664
}