{
  "dance_1": 0.66,
  "energy_1": 0.46699999999999986,
  "loudness_1": -7.105000000000003,
  "mode_1": 0,
  "speechi_1": 0.08170000000000002,
  "acoustic_1": 0.13899999999999998,
  "instrumental_1": 0,
  "liveness_1": 0.09759999999999998,
  "valence_1": 0.19700000000000004,
  "tempo_1": 100.01600000000002,
  "dance_2": 0,
  "energy_2": 0,
  "loudness_2": 0,
  "mode_2": 0,
  "speechi_2": 0,
  "acoustic_2": 0,
  "instrumental_2": 0,
  "liveness_2": 0,
  "valence_2": 0,
  "tempo_2": 0,
  "dance_3": 0.7025,
  "energy_3": 0.7343333333333333,
  "loudness_3": -5.424499999999999,
  "mode_3": 0.8333333333333334,
  "speechi_3": 0.06358333333333333,
  "acoustic_3": 0.542,
  "instrumental_3": 0,
  "liveness_3": 0.1912,
  "valence_3": 0.5083333333333333,
  "tempo_3": 123.64150000000001,
  "dance_4": 0.7693333333333333,
  "energy_4": 0.7456666666666667,
  "loudness_4": -5.633499999999999,
  "mode_4": 0.16666666666666666,
  "speechi_4": 0.08673333333333333,
  "acoustic_4": 0.15733333333333333,
  "instrumental_4": 0.0008666666666666666,
  "liveness_4": 0.10691666666666666,
  "valence_4": 0.6026666666666666,
  "tempo_4": 105.16883333333332,
  "dance_5": 0.69,
  "energy_5": 0.533,
  "loudness_5": -9.741,
  "mode_5": 1.0,
  "speechi_5": 0.0342,
  "acoustic_5": 0.157,
  "instrumental_5": 6.02e-05,
  "liveness_5": 0.121,
  "valence_5": 0.399,
  "tempo_5": 119.924,
  "dance_6": 0.6924999999999999,
  "energy_6": 0.631,
  "loudness_6": -8.0075,
  "mode_6": 0.5,
  "speechi_6": 0.0332,
  "acoustic_6": 0.1154,
  "instrumental_6": 0.0001211,
  "liveness_6": 0.327,
  "valence_6": 0.6355,
  "tempo_6": 118.976,
  "dance_7": 0,
  "energy_7": 0,
  "loudness_7": 0,
  "mode_7": 0,
  "speechi_7": 0,
  "acoustic_7": 0,
  "instrumental_7": 0,
  "liveness_7": 0,
  "valence_7": 0,
  "tempo_7": 0,
  "dance_8": 0.3395,
  "energy_8": 0.2561,
  "loudness_8": -15.840499999999999,
  "mode_8": 1.0,
  "speechi_8": 0.03855,
  "acoustic_8": 0.7155,
  "instrumental_8": 0.419,
  "liveness_8": 0.1065,
  "valence_8": 0.1325,
  "tempo_8": 106.05499999999999,
  "dance_9": 0.6073999999999999,
  "energy_9": 0.6079000000000001,
  "loudness_9": -7.9674,
  "mode_9": 0.7,
  "speechi_9": 0.04924,
  "acoustic_9": 0.47544999999999993,
  "instrumental_9": 0.00265923,
  "liveness_9": 0.21068000000000003,
  "valence_9": 0.5373,
  "tempo_9": 115.2775,
  "dance_10": 0.494,
  "energy_10": 0.899,
  "loudness_10": -5.081,
  "mode_10": 0,
  "speechi_10": 0.165,
  "acoustic_10": 0.599,
  "instrumental_10": 3.43e-05,
  "liveness_10": 0.111,
  "valence_10": 0.559,
  "tempo_10": 79.895,
  "dance_11": 0.494,
  "energy_11": 0.899,
  "loudness_11": -5.081,
  "mode_11": 0,
  "speechi_11": 0.165,
  "acoustic_11": 0.599,
  "instrumental_11": 3.43e-05,
  "liveness_11": 0.111,
  "valence_11": 0.559,
  "tempo_11": 79.895,
  "dance_12": 0.47750000000000004,
  "energy_12": 0.69,
  "loudness_12": -5.735,
  "mode_12": 0,
  "speechi_12": 0.09885000000000001,
  "acoustic_12": 0.694,
  "instrumental_12": 1.7655e-05,
  "liveness_12": 0.119,
  "valence_12": 0.41050000000000003,
  "tempo_12": 139.851,
  "dance_13": 0.461,
  "energy_13": 0.481,
  "loudness_13": -6.389,
  "mode_13": 0,
  "speechi_13": 0.0327,
  "acoustic_13": 0.789,
  "instrumental_13": 1.01e-06,
  "liveness_13": 0.127,
  "valence_13": 0.262,
  "tempo_13": 199.807,
  "dance_14": 0.6138518518518518,
  "energy_14": 0.5618888888888887,
  "loudness_14": -9.4702962962963,
  "mode_14": 0.6296296296296297,
  "speechi_14": 0.05324814814814813,
  "acoustic_14": 0.4784851851851852,
  "instrumental_14": 0.01042788814814815,
  "liveness_14": 0.18499259259259263,
  "valence_14": 0.4985185185185185,
  "tempo_14": 124.91051851851854,
  "dance_15": 0.6271176470588236,
  "energy_15": 0.6358235294117646,
  "loudness_15": -7.810764705882352,
  "mode_15": 0.6470588235294118,
  "speechi_15": 0.052352941176470595,
  "acoustic_15": 0.4526529411764705,
  "instrumental_15": 0.006371568235294119,
  "liveness_15": 0.23369411764705883,
  "valence_15": 0.5691764705882353,
  "tempo_15": 115.1089411764706,
  "dance_16": 0,
  "energy_16": 0,
  "loudness_16": 0,
  "mode_16": 0,
  "speechi_16": 0,
  "acoustic_16": 0,
  "instrumental_16": 0,
  "liveness_16": 0,
  "valence_16": 0,
  "tempo_16": 0,
  "dance_17": 0,
  "energy_17": 0,
  "loudness_17": 0,
  "mode_17": 0,
  "speechi_17": 0,
  "acoustic_17": 0,
  "instrumental_17": 0,
  "liveness_17": 0,
  "valence_17": 0,
  "tempo_17": 0,
  "dance_18": 0,
  "energy_18": 0,
  "loudness_18": 0,
  "mode_18": 0,
  "speechi_18": 0,
  "acoustic_18": 0,
  "instrumental_18": 0,
  "liveness_18": 0,
  "valence_18": 0,
  "tempo_18": 0,
  "dance_19": 0.630842105263158,
  "energy_19": 0.5123157894736842,
  "loudness_19": -10.08052631578947,
  "mode_19": 0.5263157894736842,
  "speechi_19": 0.04264736842105263,
  "acoustic_19": 0.44285789473684206,
  "instrumental_19": 0.05427256315789473,
  "liveness_19": 0.1491,
  "valence_19": 0.4650526315789474,
  "tempo_19": 108.38094736842106,
  "dance_20": 0.322,
  "energy_20": 0.2800000000000002,
  "loudness_20": -9.366999999999997,
  "mode_20": 0,
  "speechi_20": 0.02810000000000001,
  "acoustic_20": 0.468,
  "instrumental_20": 1.0999999999999998e-06,
  "liveness_20": 0.10200000000000004,
  "valence_20": 0.17499999999999993,
  "tempo_20": 85.79400000000004,
  "dance_21": 0.468,
  "energy_21": 0.91,
  "loudness_21": -3.057,
  "mode_21": 0,
  "speechi_21": 0.05100000000000001,
  "acoustic_21": 0.12000000000000004,
  "instrumental_21": 0.00030400000000000007,
  "liveness_21": 0.27099999999999996,
  "valence_21": 0.6939999999999998,
  "tempo_21": 163.84200000000004,
  "dance_22": 0.4680000000000001,
  "energy_22": 0.9099999999999999,
  "loudness_22": -3.0569999999999995,
  "mode_22": 0,
  "speechi_22": 0.051000000000000004,
  "acoustic_22": 0.12000000000000002,
  "instrumental_22": 0.000304,
  "liveness_22": 0.27099999999999996,
  "valence_22": 0.694,
  "tempo_22": 163.84200000000004,
  "dance_23": 0.468,
  "energy_23": 0.91,
  "loudness_23": -3.057,
  "mode_23": 0,
  "speechi_23": 0.051,
  "acoustic_23": 0.12,
  "instrumental_23": 0.000304,
  "liveness_23": 0.271,
  "valence_23": 0.694,
  "tempo_23": 163.842,
  "dance_24": 0.5072,
  "energy_24": 0.8006,
  "loudness_24": -5.4366,
  "mode_24": 0.2,
  "speechi_24": 0.05012,
  "acoustic_24": 0.2002,
  "instrumental_24": 0.0052632,
  "liveness_24": 0.24420000000000003,
  "valence_24": 0.6321999999999999,
  "tempo_24": 156.0786,
  "dance_25": 0.5822,
  "energy_25": 0.5902,
  "loudness_25": -11.4998,
  "mode_25": 1.0,
  "speechi_25": 0.0561,
  "acoustic_25": 0.25336,
  "instrumental_25": 0.09342,
  "liveness_25": 0.23959999999999998,
  "valence_25": 0.6632,
  "tempo_25": 149.638,
  "dance_26": 0.863,
  "energy_26": 0.831,
  "loudness_26": -6.072,
  "mode_26": 1.0,
  "speechi_26": 0.223,
  "acoustic_26": 0.143,
  "instrumental_26": 4.16e-06,
  "liveness_26": 0.118,
  "valence_26": 0.484,
  "tempo_26": 113.988,
  "dance_27": 0.5170588235294119,
  "energy_27": 0.567294117647059,
  "loudness_27": -11.099058823529413,
  "mode_27": 1.0,
  "speechi_27": 0.041988235294117646,
  "acoustic_27": 0.14145294117647056,
  "instrumental_27": 0.1690384211764706,
  "liveness_27": 0.13388235294117645,
  "valence_27": 0.7508235294117646,
  "tempo_27": 166.76188235294114,
  "dance_28": 0.498,
  "energy_28": 0.664,
  "loudness_28": -5.572,
  "mode_28": 1.0,
  "speechi_28": 0.0264,
  "acoustic_28": 0.016,
  "instrumental_28": 0,
  "liveness_28": 0.104,
  "valence_28": 0.416,
  "tempo_28": 140.029,
  "dance_29": 0,
  "energy_29": 0,
  "loudness_29": 0,
  "mode_29": 0,
  "speechi_29": 0,
  "acoustic_29": 0,
  "instrumental_29": 0,
  "liveness_29": 0,
  "valence_29": 0,
  "tempo_29": 0,
  "dance_30": 0.56,
  "energy_30": 0.631,
  "loudness_30": -9.032,
  "mode_30": 1.0,
  "speechi_30": 0.0334,
  "acoustic_30": 0.861,
  "instrumental_30": 0.013300000000000001,
  "liveness_30": 0.0985,
  "valence_30": 0.376,
  "tempo_30": 107.987,
  "dance_31": 0.56,
  "energy_31": 0.631,
  "loudness_31": -9.032,
  "mode_31": 1.0,