{
  "dance_1": 0.63075,
  "energy_1": 0.65175,
  "loudness_1": -6.90875,
  "mode_1": 1.0,
  "speechi_1": 0.0342,
  "acoustic_1": 0.424125,
  "instrumental_1": 0.009346625,
  "liveness_1": 0.134575,
  "valence_1": 0.533,
  "tempo_1": 105.77325,
  "dance_2": 0.5943333333333333,
  "energy_2": 0.6323333333333333,
  "loudness_2": -7.535333333333333,
  "mode_2": 0.3333333333333333,
  "speechi_2": 0.06666666666666667,
  "acoustic_2": 0.62,
  "instrumental_2": 2.253333333333333e-05,
  "liveness_2": 0.10710000000000001,
  "valence_2": 0.3956666666666666,
  "tempo_2": 129.33333333333334,
  "dance_3": 0.6546666666666667,
  "energy_3": 0.6028888888888889,
  "loudness_3": -10.162555555555555,
  "mode_3": 0.7777777777777778,
  "speechi_3": 0.09536666666666667,
  "acoustic_3": 0.3700777777777778,
  "instrumental_3": 0.12023747777777781,
  "liveness_3": 0.2588111111111111,
  "valence_3": 0.6038888888888889,
  "tempo_3": 114.61377777777777,
  "dance_4": 0.68395,
  "energy_4": 0.7695500000000001,
  "loudness_4": -6.997999999999999,
  "mode_4": 0.85,
  "speechi_4": 0.08034,
  "acoustic_4": 0.216554,
  "instrumental_4": 0.06109040149999999,
  "liveness_4": 0.25221499999999997,
  "valence_4": 0.7096500000000001,
  "tempo_4": 117.6848,
  "dance_5": 0.5406,
  "energy_5": 0.5536,
  "loudness_5": -7.0986,
  "mode_5": 0.8,
  "speechi_5": 0.0596,
  "acoustic_5": 0.6192,
  "instrumental_5": 0.00037886,
  "liveness_5": 0.1652,
  "valence_5": 0.5559999999999999,
  "tempo_5": 112.2112,
  "dance_6": 0.613,
  "energy_6": 0.108,
  "loudness_6": -15.73,
  "mode_6": 0,
  "speechi_6": 0.0289,
  "acoustic_6": 0.573,
  "instrumental_6": 0,
  "liveness_6": 0.0565,
  "valence_6": 0.779,
  "tempo_6": 85.941,
  "dance_7": 0.5763333333333334,
  "energy_7": 0.5971666666666667,
  "loudness_7": -6.6145000000000005,
  "mode_7": 0.8333333333333334,
  "speechi_7": 0.036649999999999995,
  "acoustic_7": 0.6576666666666666,
  "instrumental_7": 8.3e-06,
  "liveness_7": 0.13299999999999998,
  "valence_7": 0.5078333333333334,
  "tempo_7": 99.96249999999999,
  "dance_8": 0.5860000000000001,
  "energy_8": 0.64075,
  "loudness_8": -9.35125,
  "mode_8": 0.5,
  "speechi_8": 0.05495,
  "acoustic_8": 0.32665,
  "instrumental_8": 0.23351980000000003,
  "liveness_8": 0.100625,
  "valence_8": 0.6565,
  "tempo_8": 104.37675,
  "dance_9": 0.46,
  "energy_9": 0.481,
  "loudness_9": -7.877,
  "mode_9": 1.0,
  "speechi_9": 0.0491,
  "acoustic_9": 0.438,
  "instrumental_9": 0,
  "liveness_9": 0.211,
  "valence_9": 0.509,
  "tempo_9": 83.623,
  "dance_10": 0.6199166666666668,
  "energy_10": 0.66225,
  "loudness_10": -8.845666666666666,
  "mode_10": 0.5833333333333334,
  "speechi_10": 0.06772500000000001,
  "acoustic_10": 0.4064833333333335,
  "instrumental_10": 0.07786615000000001,
  "liveness_10": 0.14222500000000002,
  "valence_10": 0.6834166666666666,
  "tempo_10": 115.7395,
  "dance_11": 0.6321666666666667,
  "energy_11": 0.5281666666666667,
  "loudness_11": -8.5315,
  "mode_11": 0.8333333333333334,
  "speechi_11": 0.05466666666666667,
  "acoustic_11": 0.4145083333333333,
  "instrumental_11": 0.14531704166666667,
  "liveness_11": 0.15841666666666665,
  "valence_11": 0.34016666666666673,
  "tempo_11": 120.02466666666668,
  "dance_12": 0.841,
  "energy_12": 0.863,
  "loudness_12": -4.73,
  "mode_12": 1.0,
  "speechi_12": 0.0642,
  "acoustic_12": 0.00332,
  "instrumental_12": 9.64e-05,
  "liveness_12": 0.111,
  "valence_12": 0.426,
  "tempo_12": 111.955,
  "dance_13": 0.6356,
  "energy_13": 0.6043333333333334,
  "loudness_13": -8.223133333333331,
  "mode_13": 0.5333333333333333,
  "speechi_13": 0.057100000000000005,
  "acoustic_13": 0.3335064444444444,
  "instrumental_13": 0.040286528,
  "liveness_13": 0.16262888888888893,
  "valence_13": 0.48419999999999985,
  "tempo_13": 112.64611111111113,
  "dance_14": 0.597,
  "energy_14": 0.62,
  "loudness_14": -7.049,
  "mode_14": 0.5,
  "speechi_14": 0.123175,
  "acoustic_14": 0.41635,
  "instrumental_14": 5.38e-06,
  "liveness_14": 0.09992500000000001,
  "valence_14": 0.37675000000000003,
  "tempo_14": 127.6635,
  "dance_15": 0.6465,
  "energy_15": 0.7915,
  "loudness_15": -5.688000000000001,
  "mode_15": 0.5,
  "speechi_15": 0.0826,
  "acoustic_15": 0.3705,
  "instrumental_15": 0,
  "liveness_15": 0.17650000000000002,
  "valence_15": 0.7025,
  "tempo_15": 123.0155,
  "dance_16": 0.575,
  "energy_16": 0.43,
  "loudness_16": -17.488,
  "mode_16": 0,
  "speechi_16": 0.1112,
  "acoustic_16": 0.6765,
  "instrumental_16": 0.448,
  "liveness_16": 0.09509999999999999,
  "valence_16": 0.12895,
  "tempo_16": 85.781,
  "dance_17": 0.6403,
  "energy_17": 0.600555,
  "loudness_17": -8.54825,
  "mode_17": 0.65,
  "speechi_17": 0.134365,
  "acoustic_17": 0.37173843500000003,
  "instrumental_17": 0.081239158,
  "liveness_17": 0.12695499999999998,
  "valence_17": 0.41725,
  "tempo_17": 109.52365,
  "dance_18": 0.579,
  "energy_18": 0.5237499999999999,
  "loudness_18": -8.775875000000001,
  "mode_18": 0.5,
  "speechi_18": 0.094275,
  "acoustic_18": 0.506,
  "instrumental_18": 0.00010922874999999999,
  "liveness_18": 0.11616249999999999,
  "valence_18": 0.5051249999999999,
  "tempo_18": 118.050625,
  "dance_19": 0.5275714285714285,
  "energy_19": 0.6341428571428571,
  "loudness_19": -5.413142857142857,
  "mode_19": 0.5714285714285714,
  "speechi_19": 0.09727142857142858,
  "acoustic_19": 0.38121714285714287,
  "instrumental_19": 0.08658548571428572,
  "liveness_19": 0.11748571428571429,
  "valence_19": 0.26241428571428566,
  "tempo_19": 111.38885714285713,
  "dance_20": 0.6765000000000001,
  "energy_20": 0.673,
  "loudness_20": -10.644,
  "mode_20": 0.5,
  "speechi_20": 0.06535,
  "acoustic_20": 0.058649999999999994,
  "instrumental_20": 0.00255,
  "liveness_20": 0.08995,
  "valence_20": 0.663,
  "tempo_20": 129.964,
  "dance_21": 0.6085862068965516,
  "energy_21": 0.6562413793103448,
  "loudness_21": -6.921344827586208,
  "mode_21": 0.7241379310344828,
  "speechi_21": 0.057196551724137935,
  "acoustic_21": 0.30008696551724134,
  "instrumental_21": 0.016671850344827585,
  "liveness_21": 0.2012586206896551,
  "valence_21": 0.5762758620689656,
  "tempo_21": 125.61782758620691,
  "dance_22": 0.6320967741935484,
  "energy_22": 0.4931109677419356,
  "loudness_22": -10.485129032258063,
  "mode_22": 0.7419354838709677,
  "speechi_22": 0.062048387096774196,
  "acoustic_22": 0.5096267741935483,
  "instrumental_22": 0.14665451903225807,
  "liveness_22": 0.1524677419354839,
  "valence_22": 0.4419870967741934,
  "tempo_22": 109.85529032258061,
  "dance_23": 0.7555,
  "energy_23": 0.7865,
  "loudness_23": -5.952500000000001,
  "mode_23": 1.0,
  "speechi_23": 0.1515,
  "acoustic_23": 0.031445,
  "instrumental_23": 4.3375000000000004e-05,
  "liveness_23": 0.269,
  "valence_23": 0.5105,
  "tempo_23": 141.51350000000002,
  "dance_24": 0.5902999999999999,
  "energy_24": 0.5120699999999999,
  "loudness_24": -11.1136,
  "mode_24": 0.4,
  "speechi_24": 0.08435000000000001,
  "acoustic_24": 0.4588,
  "instrumental_24": 0.177097551,
  "liveness_24": 0.16298,
  "valence_24": 0.3746999999999999,
  "tempo_24": 114.0309,
  "dance_25": 0.551,
  "energy_25": 0.55,
  "loudness_25": -5.339,
  "mode_25": 1.0,
  "speechi_25": 0.0286,
  "acoustic_25": 0.777,
  "instrumental_25": 0,
  "liveness_25": 0.202,
  "valence_25": 0.342,
  "tempo_25": 101.19,
  "dance_26": 0.5286785714285714,
  "energy_26": 0.5296428571428572,
  "loudness_26": -7.7864642857142865,
  "mode_26": 0.6428571428571429,
  "speechi_26": 0.03563928571428572,
  "acoustic_26": 0.7082857142857142,
  "instrumental_26": 0.001121616785714286,
  "liveness_26": 0.12867500000000004,
  "valence_26": 0.4355714285714285,
  "tempo_26": 106.61035714285713,
  "dance_27": 0.223,
  "energy_27": 0.359,
  "loudness_27": -7.569,
  "mode_27": 1.0,
  "speechi_27": 0.0312,
  "acoustic_27": 0.845,
  "instrumental_27": 0,
  "liveness_27": 0.133,
  "valence_27": 0.193,
  "tempo_27": 73.059,
  "dance_28": 0.5650000000000001,
  "energy_28": 0.3753333333333333,