{
  "dance_vara": 0.1262241369046013,
  "energy_vara": 0.14982649619642754,
  "loudness_vara": 3.2394219787518828,
  "mode_vara": 0.3090030394353914,
  "speechiness_vara": 0.04417313938132294,
  "acoustic_vara": 0.18303641910146165,
  "instrument_vara": 0.19305960837008576,
  "liveness_vara": 0.09337398956717616,
  "valence_vara": 0.15847507905155273,
  "tempo_vara": 21.09259474597498,
  "dance_autocorr": 3.3104693716987312,
  "energy_autocorr": 2.513037074634283,
  "loudness_autocorr": 21.22063188589989,
  "mode_autocorr": 0.55384547620126,
  "speechiness_autocorr": 0.16255822819616927,
  "acoustic_autocorr": 0.6171347713181439,
  "instrument_autocorr": 0.09833614220017774,
  "liveness_autocorr": 0.34055679817494494,
  "valence_autocorr": 1.7563854538637482,
  "tempo_autocorr": 602.3893539000752
}