{
  "dance_1": 0.5727142857142857,
  "energy_1": 0.513,
  "loudness_1": -8.51542857142857,
  "mode_1": 0.2857142857142857,
  "speechi_1": 0.09488571428571428,
  "acoustic_1": 0.49557142857142855,
  "instrumental_1": 0.024429228571428572,
  "liveness_1": 0.12204285714285713,
  "valence_1": 0.4848571428571429,
  "tempo_1": 121.49942857142857,
  "dance_2": 0.577,
  "energy_2": 0.574,
  "loudness_2": -6.525,
  "mode_2": 1.0,
  "speechi_2": 0.0278,
  "acoustic_2": 0.572,
  "instrumental_2": 0,
  "liveness_2": 0.1,
  "valence_2": 0.436,
  "tempo_2": 94.009,
  "dance_3": 0.47187500000000004,
  "energy_3": 0.7328749999999999,
  "loudness_3": -7.778999999999999,
  "mode_3": 0.75,
  "speechi_3": 0.04615,
  "acoustic_3": 0.09737677499999998,
  "instrumental_3": 0.024500315,
  "liveness_3": 0.11770000000000001,
  "valence_3": 0.522875,
  "tempo_3": 115.351625
}