{
  "dance_1": 0.5965,
  "energy_1": 0.391955,
  "loudness_1": -12.930500000000002,
  "mode_1": 0.125,
  "speechi_1": 0.041487500000000004,
  "acoustic_1": 0.678875,
  "instrumental_1": 0.11796928375000001,
  "liveness_1": 0.1166375,
  "valence_1": 0.384075,
  "tempo_1": 118.511625
}