{
  "dance_vara": 0.31914592880474096,
  "energy_vara": 0.3406931345659889,
  "loudness_vara": 5.785581899980227,
  "mode_vara": 0.3897776779843827,
  "speechiness_vara": 0.06342832464556071,
  "acoustic_vara": 0.25678903863505764,
  "instrument_vara": 0.2145536094010586,
  "liveness_vara": 0.14009881055416407,
  "valence_vara": 0.2992570372326595,
  "tempo_vara": 59.31561009411481,
  "dance_autocorr": 0.6008170577097516,
  "energy_autocorr": 0.5613415317207529,
  "loudness_autocorr": 6.201145861582905,
  "mode_autocorr": 0.4888332791029104,
  "speechiness_autocorr": 0.07257652983370427,
  "acoustic_autocorr": 0.26048179816256173,
  "instrument_autocorr": 0.10606557957506213,
  "liveness_autocorr": 0.17250192162774394,
  "valence_autocorr": 0.43779217185475816,
  "tempo_autocorr": 116.61872651481224
}