{
  "dance_vara": 0.12380337656147379,
  "energy_vara": 0.1420968646577179,
  "loudness_vara": 3.672754548727353,
  "mode_vara": 0.27814007086136844,
  "speechiness_vara": 0.07426045905981674,
  "acoustic_vara": 0.1859281749748083,
  "instrument_vara": 0.15923189238573382,
  "liveness_vara": 0.07444032006852085,
  "valence_vara": 0.16909884148663154,
  "tempo_vara": 21.67617438632833,
  "dance_autocorr": 3.37707016957322,
  "energy_autocorr": 3.0623543243083393,
  "loudness_autocorr": 14.342447365078135,
  "mode_autocorr": 1.1241638039532793,
  "speechiness_autocorr": 0.2280897776091646,
  "acoustic_autocorr": 0.5704675294020497,
  "instrument_autocorr": 0.13230875087118021,
  "liveness_autocorr": 0.42390325612151847,
  "valence_autocorr": 1.7761821076004418,
  "tempo_autocorr": 633.7963045196003
}