{
  "dance_1": 0.545,
  "energy_1": 0.6885,
  "loudness_1": -7.3735,
  "mode_1": 1.0,
  "speechi_1": 0.031,
  "acoustic_1": 0.0037017499999999997,
  "instrumental_1": 0.28500909999999996,
  "liveness_1": 0.062400000000000004,
  "valence_1": 0.434,
  "tempo_1": 117.15899999999999,
  "dance_2": 0.619,
  "energy_2": 0.53525,
  "loudness_2": -9.25575,
  "mode_2": 1.0,
  "speechi_2": 0.032925,
  "acoustic_2": 0.0074800000000000005,
  "instrumental_2": 0.00037049999999999995,
  "liveness_2": 0.102875,
  "valence_2": 0.593,
  "tempo_2": 138.11275,
  "dance_3": 0.543,
  "energy_3": 0.373,
  "loudness_3": -9.395,
  "mode_3": 1.0,
  "speechi_3": 0.0312,
  "acoustic_3": 0.888,
  "instrumental_3": 0.441,
  "liveness_3": 0.0786,
  "valence_3": 0.276,
  "tempo_3": 140.031,
  "dance_4": 0.543,
  "energy_4": 0.373,
  "loudness_4": -9.395,
  "mode_4": 1.0,
  "speechi_4": 0.0312,
  "acoustic_4": 0.888,
  "instrumental_4": 0.441,
  "liveness_4": 0.0786,
  "valence_4": 0.276,
  "tempo_4": 140.031,
  "dance_5": 0.846,
  "energy_5": 0.526,
  "loudness_5": -9.786,
  "mode_5": 1.0,
  "speechi_5": 0.0628,
  "acoustic_5": 0.0542,
  "instrumental_5": 1.7e-05,
  "liveness_5": 0.102,
  "valence_5": 0.798,
  "tempo_5": 94.963,
  "dance_6": 0,
  "energy_6": 0,
  "loudness_6": 0,
  "mode_6": 0,
  "speechi_6": 0,
  "acoustic_6": 0,
  "instrumental_6": 0,
  "liveness_6": 0,
  "valence_6": 0,
  "tempo_6": 0,
  "dance_7": 0.5635,
  "energy_7": 0.7199999999999999,
  "loudness_7": -5.910166666666666,
  "mode_7": 0.8333333333333334,
  "speechi_7": 0.07956666666666666,
  "acoustic_7": 0.08221833333333334,
  "instrumental_7": 0.005696166666666666,
  "liveness_7": 0.14431666666666668,
  "valence_7": 0.3363333333333334,
  "tempo_7": 128.9195,
  "dance_8": 0.6283333333333334,
  "energy_8": 0.7213333333333333,
  "loudness_8": -5.835,
  "mode_8": 1.0,
  "speechi_8": 0.0472,
  "acoustic_8": 0.16416666666666666,
  "instrumental_8": 0,
  "liveness_8": 0.15733333333333333,
  "valence_8": 0.28833333333333333,
  "tempo_8": 123.38066666666667,
  "dance_9": 0.5786666666666666,
  "energy_9": 0.6966666666666667,
  "loudness_9": -6.004333333333334,
  "mode_9": 1.0,
  "speechi_9": 0.03626666666666667,
  "acoustic_9": 0.2775666666666667,
  "instrumental_9": 0.06166666666666667,
  "liveness_9": 0.16163333333333332,
  "valence_9": 0.24206666666666668,
  "tempo_9": 118.69933333333331,
  "dance_10": 0.49860000000000004,
  "energy_10": 0.4502,
  "loudness_10": -12.3782,
  "mode_10": 1.0,
  "speechi_10": 0.03552,
  "acoustic_10": 0.44244000000000006,
  "instrumental_10": 0.21271999999999996,
  "liveness_10": 0.16479999999999997,
  "valence_10": 0.18864,
  "tempo_10": 115.9316,
  "dance_11": 0.5641428571428572,
  "energy_11": 0.8677142857142857,
  "loudness_11": -4.646,
  "mode_11": 0.5714285714285714,
  "speechi_11": 0.05348571428571428,
  "acoustic_11": 0.0858647142857143,
  "instrumental_11": 0.009226622857142857,
  "liveness_11": 0.21911428571428568,
  "valence_11": 0.5149999999999999,
  "tempo_11": 124.32342857142855,
  "dance_12": 0.5336000000000001,
  "energy_12": 0.7917333333333334,
  "loudness_12": -5.0195333333333325,
  "mode_12": 0.4,
  "speechi_12": 0.050839999999999996,
  "acoustic_12": 0.09068526666666668,
  "instrumental_12": 0.004320374666666666,
  "liveness_12": 0.2822866666666667,
  "valence_12": 0.40573999999999993,
  "tempo_12": 116.87013333333334,
  "dance_13": 0.5710333333333335,
  "energy_13": 0.5564999999999999,
  "loudness_13": -8.374866666666666,
  "mode_13": 0.6666666666666666,
  "speechi_13": 0.04221333333333333,
  "acoustic_13": 0.3881715333333334,
  "instrumental_13": 0.046279873,
  "liveness_13": 0.16659999999999991,
  "valence_13": 0.40012999999999993,
  "tempo_13": 116.32516666666668,
  "dance_14": 0.676,
  "energy_14": 0.891,
  "loudness_14": -8.156,
  "mode_14": 0,
  "speechi_14": 0.0583,
  "acoustic_14": 0.0684,
  "instrumental_14": 0.301,
  "liveness_14": 0.0747,
  "valence_14": 0.652,
  "tempo_14": 179.945,
  "dance_15": 0.6243333333333333,
  "energy_15": 0.5048888888888888,
  "loudness_15": -9.200333333333333,
  "mode_15": 0.7777777777777778,
  "speechi_15": 0.04286666666666668,
  "acoustic_15": 0.455588888888889,
  "instrumental_15": 0.2030006011111111,
  "liveness_15": 0.0928,
  "valence_15": 0.46376666666666666,
  "tempo_15": 129.94077777777778,
  "dance_16": 0.5785,
  "energy_16": 0.38349999999999995,
  "loudness_16": -13.247,
  "mode_16": 1.0,
  "speechi_16": 0.0698,
  "acoustic_16": 0.427,
  "instrumental_16": 1.42e-05,
  "liveness_16": 0.143,
  "valence_16": 0.2985,
  "tempo_16": 96.395,
  "dance_17": 0.5354615384615383,
  "energy_17": 0.5015723076923077,
  "loudness_17": -11.004999999999999,
  "mode_17": 0.7692307692307693,
  "speechi_17": 0.06183076923076924,
  "acoustic_17": 0.36207412307692305,
  "instrumental_17": 0.1467410969230769,
  "liveness_17": 0.16427692307692304,
  "valence_17": 0.3881615384615384,
  "tempo_17": 108.72669230769232,
  "dance_18": 0.773,
  "energy_18": 0.551,
  "loudness_18": -8.314,
  "mode_18": 0,
  "speechi_18": 0.326,
  "acoustic_18": 0.0714,
  "instrumental_18": 0,
  "liveness_18": 0.137,
  "valence_18": 0.145,
  "tempo_18": 149.984,
  "dance_19": 0.669,
  "energy_19": 0.552,
  "loudness_19": -9.674,
  "mode_19": 0,
  "speechi_19": 0.0518,
  "acoustic_19": 0.159,
  "instrumental_19": 2.25e-06,
  "liveness_19": 0.448,
  "valence_19": 0.187,
  "tempo_19": 121.989,
  "dance_20": 0.549375,
  "energy_20": 0.870125,
  "loudness_20": -4.85025,
  "mode_20": 0.25,
  "speechi_20": 0.07205,
  "acoustic_20": 0.04286572499999999,
  "instrumental_20": 0.08747502625,
  "liveness_20": 0.18107499999999999,
  "valence_20": 0.42262500000000003,
  "tempo_20": 128.918125,
  "dance_21": 0.6985,
  "energy_21": 0.6545,
  "loudness_21": -9.7355,
  "mode_21": 0.5,
  "speechi_21": 0.046299999999999994,
  "acoustic_21": 0.1867,
  "instrumental_21": 0.1505007,
  "liveness_21": 0.17585,
  "valence_21": 0.6515,
  "tempo_21": 137.44,
  "dance_22": 0.554,
  "energy_22": 0.4265,
  "loudness_22": -10.6585,
  "mode_22": 1.0,
  "speechi_22": 0.03305,
  "acoustic_22": 0.33275,
  "instrumental_22": 0.09350268,
  "liveness_22": 0.19995000000000002,
  "valence_22": 0.3935,
  "tempo_22": 133.47899999999998,
  "dance_23": 0,
  "energy_23": 0,
  "loudness_23": 0,
  "mode_23": 0,
  "speechi_23": 0,
  "acoustic_23": 0,
  "instrumental_23": 0,
  "liveness_23": 0,
  "valence_23": 0,
  "tempo_23": 0,
  "dance_24": 0.558,
  "energy_24": 0.497,
  "loudness_24": -7.175,
  "mode_24": 1.0,
  "speechi_24": 0.0256,
  "acoustic_24": 0.0285,
  "instrumental_24": 5.36e-06,
  "liveness_24": 0.0799,
  "valence_24": 0.444,
  "tempo_24": 107.047,
  "dance_25": 0.5608125,
  "energy_25": 0.5946250000000001,
  "loudness_25": -7.900437500000001,
  "mode_25": 0.8125,
  "speechi_25": 0.0446375,
  "acoustic_25": 0.26202928750000004,
  "instrumental_25": 0.088606905,
  "liveness_25": 0.15796249999999998,
  "valence_25": 0.41868750000000005,
  "tempo_25": 111.16775,
  "dance_26": 0.5223333333333334,
  "energy_26": 0.7765833333333334,
  "loudness_26": -6.172166666666667,
  "mode_26": 0.5833333333333334,
  "speechi_26": 0.07458333333333333,
  "acoustic_26": 0.06976829999999999,
  "instrumental_26": 0.013346774166666665,
  "liveness_26": 0.26964166666666667,
  "valence_26": 0.33624999999999994,
  "tempo_26": 131.37900000000002,
  "dance_27": 0,
  "energy_27": 0,
  "loudness_27": 0,
  "mode_27": 0,
  "speechi_27": 0,
  "acoustic_27": 0,
  "instrumental_27": 0,
  "liveness_27": 0,
  "valence_27": 0,
  "tempo_27": 0,
  "dance_28": 0,
  "energy_28": 0,
  "loudness_28": 0,
  "mode_28": 0,
  "speechi_28": 0,
  "acoustic_28": 0,
  "instrumental_28": 0,
  "liveness_28": 0,
  "valence_28": 0,
  "tempo_28": 0,
  "dance_29": 0,
  "energy_29": 0,
  "loudness_29": 0,
  "mode_29": 0,
  "speechi_29": 0,
  "acoustic_29": 0,
  "instrumental_29": 0,
  "liveness_29": 0,
  "valence_29": 0,
  "tempo_29": 0,
  "dance_30": 0.5215,
  "energy_30": 0.39250000000000007,
  "loudness_30": -14.0775,
  "mode_30": 1.0,