{
  "dance_1": 0,
  "energy_1": 0,
  "loudness_1": 0,
  "mode_1": 0,
  "speechi_1": 0,
  "acoustic_1": 0,
  "instrumental_1": 0,
  "liveness_1": 0,
  "valence_1": 0,
  "tempo_1": 0,
  "dance_2": 0.359,
  "energy_2": 0.972,
  "loudness_2": -3.452,
  "mode_2": 1.0,
  "speechi_2": 0.109,
  "acoustic_2": 0.136,
  "instrumental_2": 2.52e-06,
  "liveness_2": 0.14,
  "valence_2": 0.595,
  "tempo_2": 62.914,
  "dance_3": 0.6361111111111112,
  "energy_3": 0.7652222222222221,
  "loudness_3": -7.269111111111112,
  "mode_3": 0.8888888888888888,
  "speechi_3": 0.07294444444444444,
  "acoustic_3": 0.24995333333333333,
  "instrumental_3": 0.00137255,
  "liveness_3": 0.18005555555555558,
  "valence_3": 0.6748888888888889,
  "tempo_3": 113.0941111111111,
  "dance_4": 0,
  "energy_4": 0,
  "loudness_4": 0,
  "mode_4": 0,
  "speechi_4": 0,
  "acoustic_4": 0,
  "instrumental_4": 0,
  "liveness_4": 0,
  "valence_4": 0,
  "tempo_4": 0,
  "dance_5": 0.584,
  "energy_5": 0.698,
  "loudness_5": -6.61,
  "mode_5": 0,
  "speechi_5": 0.0376,
  "acoustic_5": 0.447,
  "instrumental_5": 0,
  "liveness_5": 0.0699,
  "valence_5": 0.436,
  "tempo_5": 79.993,
  "dance_6": 0.701,
  "energy_6": 0.51,
  "loudness_6": -6.289,
  "mode_6": 1.0,
  "speechi_6": 0.448,
  "acoustic_6": 0.243,
  "instrumental_6": 0,
  "liveness_6": 0.66,
  "valence_6": 0.618,
  "tempo_6": 104.65,
  "dance_7": 0.69,
  "energy_7": 0.533,
  "loudness_7": -9.741,
  "mode_7": 1.0,
  "speechi_7": 0.0342,
  "acoustic_7": 0.157,
  "instrumental_7": 6.02e-05,
  "liveness_7": 0.121,
  "valence_7": 0.399,
  "tempo_7": 119.924,
  "dance_8": 0.476,
  "energy_8": 0.744,
  "loudness_8": -6.602,
  "mode_8": 1.0,
  "speechi_8": 0.0515,
  "acoustic_8": 0.00397,
  "instrumental_8": 0.000173,
  "liveness_8": 0.0982,
  "valence_8": 0.159,
  "tempo_8": 127.934,
  "dance_9": 0.5006666666666667,
  "energy_9": 0.5813333333333334,
  "loudness_9": -8.217999999999998,
  "mode_9": 0.6666666666666666,
  "speechi_9": 0.03496666666666667,
  "acoustic_9": 0.6653333333333333,
  "instrumental_9": 0.023903216666666668,
  "liveness_9": 0.09806666666666668,
  "valence_9": 0.31333333333333335,
  "tempo_9": 123.23133333333334,
  "dance_10": 0,
  "energy_10": 0,
  "loudness_10": 0,
  "mode_10": 0,
  "speechi_10": 0,
  "acoustic_10": 0,
  "instrumental_10": 0,
  "liveness_10": 0,
  "valence_10": 0,
  "tempo_10": 0,
  "dance_11": 0.466,
  "energy_11": 0.69,
  "loudness_11": -7.007,
  "mode_11": 1.0,
  "speechi_11": 0.0351,
  "acoustic_11": 0.529,
  "instrumental_11": 0.0597,
  "liveness_11": 0.102,
  "valence_11": 0.385,
  "tempo_11": 134.899,
  "dance_12": 0.631,
  "energy_12": 0.89,
  "loudness_12": -7.731,
  "mode_12": 1.0,
  "speechi_12": 0.0493,
  "acoustic_12": 0.0155,
  "instrumental_12": 0.00199,
  "liveness_12": 0.939,
  "valence_12": 0.636,
  "tempo_12": 104.974,
  "dance_13": 0.6829999999999999,
  "energy_13": 0.7583333333333333,
  "loudness_13": -6.2893333333333326,
  "mode_13": 0.6666666666666666,
  "speechi_13": 0.07746666666666667,
  "acoustic_13": 0.09655333333333332,
  "instrumental_13": 0.0008988266666666668,
  "liveness_13": 0.09606666666666668,
  "valence_13": 0.5706666666666668,
  "tempo_13": 129.28533333333334,
  "dance_14": 0.5713333333333334,
  "energy_14": 0.39233333333333326,
  "loudness_14": -12.061,
  "mode_14": 0,
  "speechi_14": 0.12173333333333332,
  "acoustic_14": 0.7896666666666667,
  "instrumental_14": 0.026766666666666664,
  "liveness_14": 0.11173333333333335,
  "valence_14": 0.225,
  "tempo_14": 115.11800000000001,
  "dance_15": 0.6174,
  "energy_15": 0.564,
  "loudness_15": -8.4303,
  "mode_15": 0.7,
  "speechi_15": 0.06776,
  "acoustic_15": 0.46419999999999995,
  "instrumental_15": 0.0003208330000000001,
  "liveness_15": 0.1958,
  "valence_15": 0.5103,
  "tempo_15": 116.32509999999999,
  "dance_16": 0.525,
  "energy_16": 0.496,
  "loudness_16": -7.913,
  "mode_16": 1.0,
  "speechi_16": 0.0286,
  "acoustic_16": 0.108,
  "instrumental_16": 0,
  "liveness_16": 0.0949,
  "valence_16": 0.393,
  "tempo_16": 101.87,
  "dance_17": 0.6725,
  "energy_17": 0.5914999999999999,
  "loudness_17": -7.0095,
  "mode_17": 0.5,
  "speechi_17": 0.04255,
  "acoustic_17": 0.19235,
  "instrumental_17": 0,
  "liveness_17": 0.06584999999999999,
  "valence_17": 0.521,
  "tempo_17": 86.99000000000001,
  "dance_18": 0.57175,
  "energy_18": 0.45975,
  "loudness_18": -9.42875,
  "mode_18": 0.75,
  "speechi_18": 0.035,
  "acoustic_18": 0.5207499999999999,
  "instrumental_18": 0.10476629999999999,
  "liveness_18": 0.182,
  "valence_18": 0.3158,
  "tempo_18": 120.31275000000001,
  "dance_19": 0.5498,
  "energy_19": 0.7568,
  "loudness_19": -7.7628,
  "mode_19": 1.0,
  "speechi_19": 0.27215999999999996,
  "acoustic_19": 0.20770000000000005,
  "instrumental_19": 0.109035108,
  "liveness_19": 0.45380000000000004,
  "valence_19": 0.4088,
  "tempo_19": 128.7822,
  "dance_20": 0.64,
  "energy_20": 0.743,
  "loudness_20": -6.612,
  "mode_20": 1.0,
  "speechi_20": 0.0524,
  "acoustic_20": 0.0616,
  "instrumental_20": 2.01e-05,
  "liveness_20": 0.25,
  "valence_20": 0.727,
  "tempo_20": 94.972,
  "dance_21": 0.549,
  "energy_21": 0.606,
  "loudness_21": -8.236,
  "mode_21": 1.0,
  "speechi_21": 0.0374,
  "acoustic_21": 0.449,
  "instrumental_21": 1.53e-06,
  "liveness_21": 0.0717,
  "valence_21": 0.601,
  "tempo_21": 131.979,
  "dance_22": 0,
  "energy_22": 0,
  "loudness_22": 0,
  "mode_22": 0,
  "speechi_22": 0,
  "acoustic_22": 0,
  "instrumental_22": 0,
  "liveness_22": 0,
  "valence_22": 0,
  "tempo_22": 0,
  "dance_23": 0.489,
  "energy_23": 0.625,
  "loudness_23": -5.598,
  "mode_23": 1.0,
  "speechi_23": 0.0337,
  "acoustic_23": 0.279,
  "instrumental_23": 0,
  "liveness_23": 0.206,
  "valence_23": 0.17,
  "tempo_23": 155.962,
  "dance_24": 0.489,
  "energy_24": 0.625,
  "loudness_24": -5.598,
  "mode_24": 1.0,
  "speechi_24": 0.0337,
  "acoustic_24": 0.279,
  "instrumental_24": 0,
  "liveness_24": 0.206,
  "valence_24": 0.17,
  "tempo_24": 155.962,
  "dance_25": 0.7060000000000001,
  "energy_25": 0.6780909090909091,
  "loudness_25": -8.159272727272729,
  "mode_25": 0.6363636363636364,
  "speechi_25": 0.09458181818181818,
  "acoustic_25": 0.15435454545454544,
  "instrumental_25": 0.01693336090909091,
  "liveness_25": 0.12598181818181817,
  "valence_25": 0.587,
  "tempo_25": 121.1448181818182,
  "dance_26": 0.832,
  "energy_26": 0.687,
  "loudness_26": -7.878,
  "mode_26": 1.0,
  "speechi_26": 0.114,
  "acoustic_26": 0.112,
  "instrumental_26": 0.00269,
  "liveness_26": 0.0542,
  "valence_26": 0.783,
  "tempo_26": 100.014,
  "dance_27": 0.401,
  "energy_27": 0.732,
  "loudness_27": -8.962,
  "mode_27": 1.0,
  "speechi_27": 0.0979,
  "acoustic_27": 0.768,
  "instrumental_27": 0.00023,
  "liveness_27": 0.143,
  "valence_27": 0.728,
  "tempo_27": 97.192,
  "dance_28": 0.631,
  "energy_28": 0.587,
  "loudness_28": -7.813,
  "mode_28": 1.0,
  "speechi_28": 0.0421,
  "acoustic_28": 0.319,
  "instrumental_28": 0,
  "liveness_28": 0.0692,
  "valence_28": 0.373,
  "tempo_28": 81.989,
  "dance_29": 0.554,
  "energy_29": 0.606,
  "loudness_29": -12.312,
  "mode_29": 1.0,
  "speechi_29": 0.0722,
  "acoustic_29": 0.578,
  "instrumental_29": 0.000183,
  "liveness_29": 0.11,
  "valence_29": 0.584,
  "tempo_29": 93.922,
  "dance_30": 0.577,
  "energy_30": 0.428,
  "loudness_30": -9.066,
  "mode_30": 1.0,
  "speechi_30": 0.0302,
  "acoustic_30": 0.467,
  "instrumental_30": 2.61e-05,
  "liveness_30": 0.272,
  "valence_30": 0.401,
  "tempo_30": 104.938,
  "dance_31": 0.751,
  "energy_31": 0.535,
  "loudness_31": -7.548,
  "mode_31": 0,
  "speechi_31": 0.15,
  "acoustic_31": 0.0745,
  "instrumental_31": 0.00107,
  "liveness_31": 0.321,
  "valence_31": 0.701,
  "tempo_31": 97.03,
  "dance_32": 0.757,
  "energy_32": 0.633,
  "loudness_32": -6.924,
  "mode_32": 1.0,
  "speechi_32": 0.0789,
  "acoustic_32": 0.387,
  "instrumental_32": 0,
  "liveness_32": 0.104,
  "valence_32": 0.0961,
  "tempo_32": 106.918,
  "dance_33": 0.5949374999999999,
  "energy_33": 0.5444375,