{
  "dance_1": 0.389,
  "energy_1": 0.00685,
  "loudness_1": -29.911,
  "mode_1": 0,
  "speechi_1": 0.0403,
  "acoustic_1": 0.991,
  "instrumental_1": 0.925,
  "liveness_1": 0.085,
  "valence_1": 0.104,
  "tempo_1": 109.962,
  "dance_2": 0.5473333333333333,
  "energy_2": 0.672,
  "loudness_2": -5.497,
  "mode_2": 0.3333333333333333,
  "speechi_2": 0.06496666666666666,
  "acoustic_2": 0.5369,
  "instrumental_2": 2.77e-06,
  "liveness_2": 0.09953333333333332,
  "valence_2": 0.49500000000000005,
  "tempo_2": 138.825,
  "dance_3": 0.46121428571428574,
  "energy_3": 0.3717857142857143,
  "loudness_3": -9.971285714285713,
  "mode_3": 0.35714285714285715,
  "speechi_3": 0.03357142857142857,
  "acoustic_3": 0.7790714285714285,
  "instrumental_3": 0.524000352857143,
  "liveness_3": 0.14912857142857142,
  "valence_3": 0.3538928571428571,
  "tempo_3": 108.65314285714284,
  "dance_4": 0.5478333333333333,
  "energy_4": 0.5221666666666666,
  "loudness_4": -6.9555,
  "mode_4": 0.3333333333333333,
  "speechi_4": 0.04676666666666666,
  "acoustic_4": 0.6391666666666668,
  "instrumental_4": 0.0003309083333333333,
  "liveness_4": 0.21408333333333332,
  "valence_4": 0.3993333333333333,
  "tempo_4": 92.79116666666665,
  "dance_5": 0.435,
  "energy_5": 0.475,
  "loudness_5": -9.262,
  "mode_5": 1.0,
  "speechi_5": 0.029,
  "acoustic_5": 0.321,
  "instrumental_5": 1.26e-06,
  "liveness_5": 0.107,
  "valence_5": 0.199,
  "tempo_5": 160.135
}