{
  "dance_1": 0.5591999999999999,
  "energy_1": 0.5582,
  "loudness_1": -8.610399999999998,
  "mode_1": 0,
  "speechi_1": 0.18164,
  "acoustic_1": 0.686,
  "instrumental_1": 0.0003872,
  "liveness_1": 0.18436,
  "valence_1": 0.6496000000000001,
  "tempo_1": 139.2814,
  "dance_2": 0.541,
  "energy_2": 0.5235000000000001,
  "loudness_2": -9.1845,
  "mode_2": 0.5,
  "speechi_2": 0.03495,
  "acoustic_2": 0.736,
  "instrumental_2": 0.481255,
  "liveness_2": 0.1755,
  "valence_2": 0.461,
  "tempo_2": 125.003,
  "dance_3": 0,
  "energy_3": 0,
  "loudness_3": 0,
  "mode_3": 0,
  "speechi_3": 0,
  "acoustic_3": 0,
  "instrumental_3": 0,
  "liveness_3": 0,
  "valence_3": 0,
  "tempo_3": 0,
  "dance_4": 0.6611764705882353,
  "energy_4": 0.609,
  "loudness_4": -7.591823529411763,
  "mode_4": 0.5882352941176471,
  "speechi_4": 0.1338058823529412,
  "acoustic_4": 0.3960294117647059,
  "instrumental_4": 0.0019445664705882355,
  "liveness_4": 0.1585176470588235,
  "valence_4": 0.5284705882352941,
  "tempo_4": 119.67970588235293,
  "dance_5": 0.699,
  "energy_5": 0.299,
  "loudness_5": -12.599,
  "mode_5": 1.0,
  "speechi_5": 0.0403,
  "acoustic_5": 0.869,
  "instrumental_5": 0,
  "liveness_5": 0.0724,
  "valence_5": 0.459,
  "tempo_5": 118.968,
  "dance_6": 0.6697391304347827,
  "energy_6": 0.6519565217391303,
  "loudness_6": -7.377869565217392,
  "mode_6": 0.6521739130434783,
  "speechi_6": 0.10387826086956523,
  "acoustic_6": 0.3818217391304347,
  "instrumental_6": 0.023715573043478252,
  "liveness_6": 0.1312608695652174,
  "valence_6": 0.5818695652173913,
  "tempo_6": 116.2898695652174,
  "dance_7": 0.55,
  "energy_7": 0.716,
  "loudness_7": -6.777,
  "mode_7": 1.0,
  "speechi_7": 0.0447,
  "acoustic_7": 0.088,
  "instrumental_7": 0.00014,
  "liveness_7": 0.112,
  "valence_7": 0.211,
  "tempo_7": 120.019,
  "dance_8": 0.627,
  "energy_8": 0.749,
  "loudness_8": -7.077,
  "mode_8": 1.0,
  "speechi_8": 0.054849999999999996,
  "acoustic_8": 0.173,
  "instrumental_8": 7.212999999999999e-05,
  "liveness_8": 0.238,
  "valence_8": 0.5305,
  "tempo_8": 122.624,
  "dance_9": 0.52,
  "energy_9": 0.375,
  "loudness_9": -9.968,
  "mode_9": 0,
  "speechi_9": 0.0291,
  "acoustic_9": 0.807,
  "instrumental_9": 0.000362,
  "liveness_9": 0.114,
  "valence_9": 0.275,
  "tempo_9": 114.042,
  "dance_10": 0.359,
  "energy_10": 0.585,
  "loudness_10": -4.722,
  "mode_10": 1.0,
  "speechi_10": 0.0374,
  "acoustic_10": 0.0576,
  "instrumental_10": 0,
  "liveness_10": 0.194,
  "valence_10": 0.447,
  "tempo_10": 168.026,
  "dance_11": 0.6095,
  "energy_11": 0.4917000000000001,
  "loudness_11": -7.2543999999999995,
  "mode_11": 0.2,
  "speechi_11": 0.10525999999999998,
  "acoustic_11": 0.48302000000000006,
  "instrumental_11": 0.05030646999999999,
  "liveness_11": 0.1166,
  "valence_11": 0.5477000000000001,
  "tempo_11": 122.21199999999999,
  "dance_12": 0.5760555555555557,
  "energy_12": 0.4378333333333333,
  "loudness_12": -11.085833333333333,
  "mode_12": 0.7777777777777778,
  "speechi_12": 0.05768333333333334,
  "acoustic_12": 0.6026388888888888,
  "instrumental_12": 0.20582892833333333,
  "liveness_12": 0.11231666666666668,
  "valence_12": 0.47455555555555556,
  "tempo_12": 109.30455555555555,
  "dance_13": 0.76025,
  "energy_13": 0.578,
  "loudness_13": -6.81825,
  "mode_13": 0.5,
  "speechi_13": 0.088025,
  "acoustic_13": 0.34725,
  "instrumental_13": 3.455e-06,
  "liveness_13": 0.0922,
  "valence_13": 0.57475,
  "tempo_13": 100.94375,
  "dance_14": 0.612,
  "energy_14": 0.47640000000000005,
  "loudness_14": -8.977599999999999,
  "mode_14": 1.0,
  "speechi_14": 0.052700000000000004,
  "acoustic_14": 0.5462,
  "instrumental_14": 2.7999999999999996e-05,
  "liveness_14": 0.10840000000000001,
  "valence_14": 0.44420000000000004,
  "tempo_14": 117.926,
  "dance_15": 0.48133333333333334,
  "energy_15": 0.5186666666666667,
  "loudness_15": -8.412666666666667,
  "mode_15": 0.6666666666666666,
  "speechi_15": 0.0381,
  "acoustic_15": 0.4156666666666667,
  "instrumental_15": 7.833333333333333e-07,
  "liveness_15": 0.21173333333333333,
  "valence_15": 0.3293333333333333,
  "tempo_15": 106.117,
  "dance_16": 0.591859375,
  "energy_16": 0.5041609374999998,
  "loudness_16": -9.067171874999998,
  "mode_16": 0.515625,
  "speechi_16": 0.0502609375,
  "acoustic_16": 0.46003343749999986,
  "instrumental_16": 0.04642248828125,
  "liveness_16": 0.151246875,
  "valence_16": 0.45485937499999984,
  "tempo_16": 115.16384374999996,
  "dance_17": 0.614,
  "energy_17": 0.5278571428571429,
  "loudness_17": -7.663428571428573,
  "mode_17": 0.5714285714285714,
  "speechi_17": 0.058814285714285715,
  "acoustic_17": 0.7021428571428573,
  "instrumental_17": 0.00031085714285714283,
  "liveness_17": 0.10149999999999999,
  "valence_17": 0.5051428571428571,
  "tempo_17": 110.51242857142859,
  "dance_18": 0.32,
  "energy_18": 0.012,
  "loudness_18": -29.636,
  "mode_18": 1.0,
  "speechi_18": 0.0454,
  "acoustic_18": 0.98,
  "instrumental_18": 0.958,
  "liveness_18": 0.0929,
  "valence_18": 0.178,
  "tempo_18": 71.808,
  "dance_19": 0.5853999999999999,
  "energy_19": 0.45649000000000006,
  "loudness_19": -10.610825,
  "mode_19": 0.525,
  "speechi_19": 0.06304499999999998,
  "acoustic_19": 0.5964435000000001,
  "instrumental_19": 0.14630242475,
  "liveness_19": 0.136095,
  "valence_19": 0.45603999999999995,
  "tempo_19": 117.03724999999997,
  "dance_20": 0.596625,
  "energy_20": 0.533375,
  "loudness_20": -7.783625000000001,
  "mode_20": 0.625,
  "speechi_20": 0.0425,
  "acoustic_20": 0.49974999999999997,
  "instrumental_20": 0.00033510125,
  "liveness_20": 0.0950625,
  "valence_20": 0.55325,
  "tempo_20": 107.604625,
  "dance_21": 0.652,
  "energy_21": 0.37,
  "loudness_21": -9.922,
  "mode_21": 1.0,
  "speechi_21": 0.0604,
  "acoustic_21": 0.661,
  "instrumental_21": 0,
  "liveness_21": 0.109,
  "valence_21": 0.662,
  "tempo_21": 99.894
}