{
  "dance_vara": 0.14875896544124373,
  "energy_vara": 0.1792000257752879,
  "loudness_vara": 3.3901238140172016,
  "mode_vara": 0.29039977998987565,
  "speechiness_vara": 0.03295333935829996,
  "acoustic_vara": 0.21404791972464307,
  "instrument_vara": 0.15215467234131275,
  "liveness_vara": 0.0746332702703861,
  "valence_vara": 0.17034993481412086,
  "tempo_vara": 28.198155349706507,
  "dance_autocorr": 2.3066242888101995,
  "energy_autocorr": 1.4977501090735972,
  "loudness_autocorr": 21.74691536412161,
  "mode_autocorr": 1.7338647631179034,
  "speechiness_autocorr": 0.1023469922269093,
  "acoustic_autocorr": 0.8005497070583382,
  "instrument_autocorr": 0.06901050258045713,
  "liveness_autocorr": 0.30323775812701703,
  "valence_autocorr": 1.2374175281263295,
  "tempo_autocorr": 451.5898121708486
}