{
  "dance_1": 0.4635,
  "energy_1": 0.57975,
  "loudness_1": -8.964375,
  "mode_1": 0.5,
  "speechi_1": 0.15492499999999998,
  "acoustic_1": 0.2514,
  "instrumental_1": 0.14799281250000001,
  "liveness_1": 0.1278375,
  "valence_1": 0.24993749999999998,
  "tempo_1": 126.57874999999999,
  "dance_2": 0.5471250000000001,
  "energy_2": 0.670125,
  "loudness_2": -6.038125,
  "mode_2": 0.75,
  "speechi_2": 0.1040375,
  "acoustic_2": 0.23851375,
  "instrumental_2": 0.0114980625,
  "liveness_2": 0.122775,
  "valence_2": 0.39635,
  "tempo_2": 144.95475,
  "dance_3": 0.5428125,
  "energy_3": 0.6375624999999999,
  "loudness_3": -6.463562500000001,
  "mode_3": 0.75,
  "speechi_3": 0.09190000000000001,
  "acoustic_3": 0.18890125000000002,
  "instrumental_3": 0.005752137499999999,
  "liveness_3": 0.145075,
  "valence_3": 0.31578750000000005,
  "tempo_3": 139.73437499999997,
  "dance_4": 0.5188500000000001,
  "energy_4": 0.5796,
  "loudness_4": -7.36215,
  "mode_4": 0.45,
  "speechi_4": 0.110685,
  "acoustic_4": 0.23253100000000004,
  "instrumental_4": 0.032171325,
  "liveness_4": 0.12201500000000003,
  "valence_4": 0.26697999999999994,
  "tempo_4": 155.8212,
  "dance_5": 0.672,
  "energy_5": 0.655,
  "loudness_5": -5.021,
  "mode_5": 0,
  "speechi_5": 0.0311,
  "acoustic_5": 0.0362,
  "instrumental_5": 0,
  "liveness_5": 0.117,
  "valence_5": 0.556,
  "tempo_5": 134.945,
  "dance_6": 0.5663333333333334,
  "energy_6": 0.6675555555555557,
  "loudness_6": -7.167000000000002,
  "mode_6": 0.5555555555555556,
  "speechi_6": 0.13646666666666665,
  "acoustic_6": 0.15524666666666664,
  "instrumental_6": 0.0204285,
  "liveness_6": 0.16324444444444444,
  "valence_6": 0.23651111111111112,
  "tempo_6": 155.47411111111109,
  "dance_7": 0.301,
  "energy_7": 0.672,
  "loudness_7": -4.497,
  "mode_7": 1.0,
  "speechi_7": 0.0623,
  "acoustic_7": 0.28,
  "instrumental_7": 3.1e-05,
  "liveness_7": 0.0609,
  "valence_7": 0.384,
  "tempo_7": 169.497,
  "dance_8": 0.565875,
  "energy_8": 0.492625,
  "loudness_8": -9.815375,
  "mode_8": 0.625,
  "speechi_8": 0.060037499999999994,
  "acoustic_8": 0.41225,
  "instrumental_8": 0.1206645725,
  "liveness_8": 0.31207500000000005,
  "valence_8": 0.260875,
  "tempo_8": 128.553,
  "dance_9": 0.606,
  "energy_9": 0.762,
  "loudness_9": -7.224,
  "mode_9": 1.0,
  "speechi_9": 0.0599,
  "acoustic_9": 0.321,
  "instrumental_9": 2.81e-05,
  "liveness_9": 0.131,
  "valence_9": 0.247,
  "tempo_9": 130.0,
  "dance_10": 0.6598571428571428,
  "energy_10": 0.6450000000000001,
  "loudness_10": -5.393857142857144,
  "mode_10": 0.42857142857142855,
  "speechi_10": 0.11139999999999999,
  "acoustic_10": 0.2429142857142857,
  "instrumental_10": 0,
  "liveness_10": 0.2698571428571429,
  "valence_10": 0.658,
  "tempo_10": 127.59128571428572,
  "dance_11": 0.5146249999999999,
  "energy_11": 0.502,
  "loudness_11": -9.222,
  "mode_11": 0.375,
  "speechi_11": 0.07365,
  "acoustic_11": 0.4427,
  "instrumental_11": 0.18688539999999998,
  "liveness_11": 0.1106375,
  "valence_11": 0.23364999999999997,
  "tempo_11": 116.67799999999998,
  "dance_12": 0.372,
  "energy_12": 0.415,
  "loudness_12": -7.718,
  "mode_12": 0,
  "speechi_12": 0.147,
  "acoustic_12": 0.854,
  "instrumental_12": 0.000467,
  "liveness_12": 0.0841,
  "valence_12": 0.45,
  "tempo_12": 63.597,
  "dance_13": 0.6320312500000002,
  "energy_13": 0.586559375,
  "loudness_13": -8.711375,
  "mode_13": 0.53125,
  "speechi_13": 0.1321125,
  "acoustic_13": 0.21249181249999996,
  "instrumental_13": 0.1719041328125,
  "liveness_13": 0.20617812499999996,
  "valence_13": 0.5225000000000001,
  "tempo_13": 122.61443750000001,
  "dance_14": 0.5438333333333333,
  "energy_14": 0.2945833333333333,
  "loudness_14": -11.424750000000001,
  "mode_14": 0.8333333333333334,
  "speechi_14": 0.035291666666666666,
  "acoustic_14": 0.8240833333333333,
  "instrumental_14": 1.4433333333333335e-05,
  "liveness_14": 0.09826666666666667,
  "valence_14": 0.2809,
  "tempo_14": 95.24874999999999,
  "dance_15": 0.5280588235294117,
  "energy_15": 0.39852941176470597,
  "loudness_15": -9.072058823529414,
  "mode_15": 0.6470588235294118,
  "speechi_15": 0.041029411764705884,
  "acoustic_15": 0.7379411764705881,
  "instrumental_15": 1.0188235294117648e-05,
  "liveness_15": 0.09192941176470591,
  "valence_15": 0.30696470588235286,
  "tempo_15": 102.34752941176473,
  "dance_16": 0.5152727272727272,
  "energy_16": 0.349,
  "loudness_16": -9.857636363636365,
  "mode_16": 0.7272727272727273,
  "speechi_16": 0.03787272727272727,
  "acoustic_16": 0.7747272727272726,
  "instrumental_16": 1.5745454545454545e-05,
  "liveness_16": 0.0972909090909091,
  "valence_16": 0.30051818181818185,
  "tempo_16": 101.83418181818182,
  "dance_17": 0.4784,
  "energy_17": 0.40140000000000003,
  "loudness_17": -8.4764,
  "mode_17": 0.6,
  "speechi_17": 0.0397,
  "acoustic_17": 0.7224,
  "instrumental_17": 1.732e-05,
  "liveness_17": 0.09928,
  "valence_17": 0.27496,
  "tempo_17": 99.5798,
  "dance_18": 0.49830434782608696,
  "energy_18": 0.44543478260869557,
  "loudness_18": -8.086043478260871,
  "mode_18": 0.5217391304347826,
  "speechi_18": 0.04230434782608696,
  "acoustic_18": 0.6903043478260869,
  "instrumental_18": 1.1295652173913045e-05,
  "liveness_18": 0.09477391304347829,
  "valence_18": 0.25125652173913043,
  "tempo_18": 92.93073913043482,
  "dance_19": 0.5096666666666666,
  "energy_19": 0.20033333333333334,
  "loudness_19": -12.540333333333335,
  "mode_19": 1.0,
  "speechi_19": 0.029333333333333333,
  "acoustic_19": 0.8946666666666667,
  "instrumental_19": 2.886666666666667e-05,
  "liveness_19": 0.10833333333333334,
  "valence_19": 0.30866666666666664,
  "tempo_19": 103.23533333333334,
  "dance_20": 0.5258571428571427,
  "energy_20": 0.2971785714285713,
  "loudness_20": -10.880607142857139,
  "mode_20": 0.8571428571428571,
  "speechi_20": 0.03425357142857143,
  "acoustic_20": 0.8254642857142855,
  "instrumental_20": 3.092857142857144e-05,
  "liveness_20": 0.1005,
  "valence_20": 0.32966428571428574,
  "tempo_20": 104.35739285714283,
  "dance_21": 0.5187857142857143,
  "energy_21": 0.32678571428571423,
  "loudness_21": -10.289428571428571,
  "mode_21": 0.7857142857142857,
  "speechi_21": 0.036071428571428574,
  "acoustic_21": 0.7971428571428572,
  "instrumental_21": 2.4742857142857144e-05,
  "liveness_21": 0.09915714285714287,
  "valence_21": 0.31355000000000005,
  "tempo_21": 102.62907142857145,
  "dance_22": 0.5339199999999998,
  "energy_22": 0.27523999999999993,
  "loudness_22": -11.068999999999999,
  "mode_22": 0.84,
  "speechi_22": 0.035892,
  "acoustic_22": 0.82636,
  "instrumental_22": 1.74152e-05,
  "liveness_22": 0.10732000000000001,
  "valence_22": 0.361948,
  "tempo_22": 108.03487999999999,
  "dance_23": 0.5803235294117648,
  "energy_23": 0.4327352941176471,
  "loudness_23": -9.176264705882353,
  "mode_23": 0.7647058823529411,
  "speechi_23": 0.03990294117647059,
  "acoustic_23": 0.5937382352941176,
  "instrumental_23": 0.04244126470588235,
  "liveness_23": 0.1480205882352941,
  "valence_23": 0.3636176470588235,
  "tempo_23": 115.73323529411763,
  "dance_24": 0.62,
  "energy_24": 0.5146551724137932,
  "loudness_24": -9.257620689655171,
  "mode_24": 0.8620689655172413,
  "speechi_24": 0.07676551724137931,
  "acoustic_24": 0.4113716703448276,
  "instrumental_24": 0.06630915689655173,
  "liveness_24": 0.13038965517241374,
  "valence_24": 0.48997586206896554,
  "tempo_24": 119.02686206896549,
  "dance_25": 0.54525,
  "energy_25": 0.29537499999999994,
  "loudness_25": -10.432625,
  "mode_25": 0.8125,
  "speechi_25": 0.037887500000000005,
  "acoustic_25": 0.7533125000000002,
  "instrumental_25": 1.3654375000000001e-05,
  "liveness_25": 0.11927500000000002,
  "valence_25": 0.38548750000000004,
  "tempo_25": 110.5471875,
  "dance_26": 0.5155000000000001,
  "energy_26": 0.1255,
  "loudness_26": -12.2015,
  "mode_26": 1.0,
  "speechi_26": 0.03675,
  "acoustic_26": 0.908,
  "instrumental_26": 5.95e-07,
  "liveness_26": 0.111,
  "valence_26": 0.535,