{
  "dance_1": 0.724,
  "energy_1": 0.652,
  "loudness_1": -6.048,
  "mode_1": 0,
  "speechi_1": 0.0633,
  "acoustic_1": 0.219,
  "instrumental_1": 0,
  "liveness_1": 0.0876,
  "valence_1": 0.939,
  "tempo_1": 80.001,
  "dance_2": 0.6615,
  "energy_2": 0.569,
  "loudness_2": -7.7524999999999995,
  "mode_2": 0,
  "speechi_2": 0.17045,
  "acoustic_2": 0.5185,
  "instrumental_2": 0.003268,
  "liveness_2": 0.05475,
  "valence_2": 0.766,
  "tempo_2": 134.076,
  "dance_3": 0.397,
  "energy_3": 0.228,
  "loudness_3": -10.74,
  "mode_3": 1.0,
  "speechi_3": 0.0315,
  "acoustic_3": 0.924,
  "instrumental_3": 0.00221,
  "liveness_3": 0.276,
  "valence_3": 0.258,
  "tempo_3": 79.57,
  "dance_4": 0.739,
  "energy_4": 0.6695,
  "loudness_4": -7.366,
  "mode_4": 0.5,
  "speechi_4": 0.046700000000000005,
  "acoustic_4": 0.23299999999999998,
  "instrumental_4": 0.00020009999999999998,
  "liveness_4": 0.129,
  "valence_4": 0.35250000000000004,
  "tempo_4": 147.4305,
  "dance_5": 0.6342857142857142,
  "energy_5": 0.4687142857142856,
  "loudness_5": -9.240499999999999,
  "mode_5": 0.5,
  "speechi_5": 0.11186428571428574,
  "acoustic_5": 0.5953678571428572,
  "instrumental_5": 0.09162870142857142,
  "liveness_5": 0.16522857142857145,
  "valence_5": 0.49564285714285716,
  "tempo_5": 127.604,
  "dance_6": 0.286,
  "energy_6": 0.006309999999999998,
  "loudness_6": -42.724,
  "mode_6": 1.0,
  "speechi_6": 0.0282,
  "acoustic_6": 0.00017,
  "instrumental_6": 0.06579999999999998,
  "liveness_6": 0.0615,
  "valence_6": 0.06269999999999999,
  "tempo_6": 103.36,
  "dance_7": 0.594,
  "energy_7": 0.534,
  "loudness_7": -8.007,
  "mode_7": 0,
  "speechi_7": 0.0428,
  "acoustic_7": 0.385,
  "instrumental_7": 0,
  "liveness_7": 0.877,
  "valence_7": 0.364,
  "tempo_7": 91.082,
  "dance_8": 0.6317826086956522,
  "energy_8": 0.6383478260869566,
  "loudness_8": -7.239521739130434,
  "mode_8": 0.4782608695652174,
  "speechi_8": 0.09365217391304348,
  "acoustic_8": 0.48180434782608694,
  "instrumental_8": 0.0254921952173913,
  "liveness_8": 0.24006956521739137,
  "valence_8": 0.5857826086956522,
  "tempo_8": 129.44852173913043,
  "dance_9": 0.688,
  "energy_9": 0.6022000000000001,
  "loudness_9": -6.1819999999999995,
  "mode_9": 0.8,
  "speechi_9": 0.09348000000000001,
  "acoustic_9": 0.5748,
  "instrumental_9": 0.000828126,
  "liveness_9": 0.1258,
  "valence_9": 0.6607999999999999,
  "tempo_9": 123.5592,
  "dance_10": 0.6624000000000001,
  "energy_10": 0.6054,
  "loudness_10": -8.3816,
  "mode_10": 0.2,
  "speechi_10": 0.06,
  "acoustic_10": 0.524,
  "instrumental_10": 1.728e-06,
  "liveness_10": 0.1987,
  "valence_10": 0.6072000000000001,
  "tempo_10": 134.53979999999999,
  "dance_11": 0.613,
  "energy_11": 0.6228,
  "loudness_11": -7.8367,
  "mode_11": 0.4,
  "speechi_11": 0.06316,
  "acoustic_11": 0.5892000000000001,
  "instrumental_11": 3.117e-06,
  "liveness_11": 0.17893,
  "valence_11": 0.5095,
  "tempo_11": 139.5837,
  "dance_12": 0.6415333333333333,
  "energy_12": 0.4813333333333333,
  "loudness_12": -10.587000000000002,
  "mode_12": 0.4666666666666667,
  "speechi_12": 0.05808666666666667,
  "acoustic_12": 0.46888666666666673,
  "instrumental_12": 0.015782713999999996,
  "liveness_12": 0.21654,
  "valence_12": 0.4794000000000001,
  "tempo_12": 124.01026666666665,
  "dance_13": 0.6087777777777778,
  "energy_13": 0.5683333333333334,
  "loudness_13": -8.371222222222222,
  "mode_13": 0.4444444444444444,
  "speechi_13": 0.05507777777777778,
  "acoustic_13": 0.5676666666666667,
  "instrumental_13": 0.0024911,
  "liveness_13": 0.18560000000000001,
  "valence_13": 0.5237777777777778,
  "tempo_13": 135.54722222222222,
  "dance_14": 0.5841666666666666,
  "energy_14": 0.4543333333333333,
  "loudness_14": -9.530666666666667,
  "mode_14": 0.6666666666666666,
  "speechi_14": 0.044750000000000005,
  "acoustic_14": 0.45504999999999995,
  "instrumental_14": 0.00391125,
  "liveness_14": 0.3333333333333333,
  "valence_14": 0.4283333333333334,
  "tempo_14": 125.5985,
  "dance_15": 0,
  "energy_15": 0,
  "loudness_15": 0,
  "mode_15": 0,
  "speechi_15": 0,
  "acoustic_15": 0,
  "instrumental_15": 0,
  "liveness_15": 0,
  "valence_15": 0,
  "tempo_15": 0,
  "dance_16": 0.6528333333333334,
  "energy_16": 0.6030833333333333,
  "loudness_16": -8.216916666666668,
  "mode_16": 0.4166666666666667,
  "speechi_16": 0.06895833333333333,
  "acoustic_16": 0.3902666666666667,
  "instrumental_16": 0.0016377375000000002,
  "liveness_16": 0.19306666666666672,
  "valence_16": 0.5179166666666667,
  "tempo_16": 125.12599999999999,
  "dance_17": 0.6666666666666666,
  "energy_17": 0.4856666666666667,
  "loudness_17": -9.472333333333333,
  "mode_17": 1.0,
  "speechi_17": 0.06083333333333333,
  "acoustic_17": 0.3606666666666667,
  "instrumental_17": 1.3726666666666665e-05,
  "liveness_17": 0.12019999999999999,
  "valence_17": 0.5108666666666667,
  "tempo_17": 103.58133333333335,
  "dance_18": 0.65575,
  "energy_18": 0.528,
  "loudness_18": -8.67475,
  "mode_18": 0.75,
  "speechi_18": 0.042649999999999993,
  "acoustic_18": 0.391,
  "instrumental_18": 0.0107228425,
  "liveness_18": 0.137425,
  "valence_18": 0.66275,
  "tempo_18": 122.97075000000001,
  "dance_19": 0,
  "energy_19": 0,
  "loudness_19": 0,
  "mode_19": 0,
  "speechi_19": 0,
  "acoustic_19": 0,
  "instrumental_19": 0,
  "liveness_19": 0,
  "valence_19": 0,
  "tempo_19": 0,
  "dance_20": 0.426,
  "energy_20": 0.617,
  "loudness_20": -6.377,
  "mode_20": 0,
  "speechi_20": 0.027800000000000002,
  "acoustic_20": 0.599,
  "instrumental_20": 6.25e-05,
  "liveness_20": 0.18099999999999997,
  "valence_20": 0.52,
  "tempo_20": 81.982,
  "dance_21": 0.8045,
  "energy_21": 0.5955,
  "loudness_21": -8.4905,
  "mode_21": 0,
  "speechi_21": 0.052349999999999994,
  "acoustic_21": 0.41900000000000004,
  "instrumental_21": 1.475e-05,
  "liveness_21": 0.07655,
  "valence_21": 0.7355,
  "tempo_21": 105.007,
  "dance_22": 0.4655,
  "energy_22": 0.3895,
  "loudness_22": -10.7635,
  "mode_22": 0.5,
  "speechi_22": 0.03975,
  "acoustic_22": 0.617,
  "instrumental_22": 0.0112,
  "liveness_22": 0.4915,
  "valence_22": 0.291,
  "tempo_22": 135.298,
  "dance_23": 0.5703333333333334,
  "energy_23": 0.48,
  "loudness_23": -9.796,
  "mode_23": 0.3333333333333333,
  "speechi_23": 0.03553333333333333,
  "acoustic_23": 0.6043333333333334,
  "instrumental_23": 0.007471333333333333,
  "liveness_23": 0.13696666666666665,
  "valence_23": 0.463,
  "tempo_23": 124.51733333333334,
  "dance_24": 0.6242222222222221,
  "energy_24": 0.5038888888888889,
  "loudness_24": -8.933333333333334,
  "mode_24": 0.3333333333333333,
  "speechi_24": 0.0484,
  "acoustic_24": 0.5558888888888888,
  "instrumental_24": 0.0029324377777777775,
  "liveness_24": 0.13688888888888887,
  "valence_24": 0.4788888888888889,
  "tempo_24": 124.53944444444444,
  "dance_25": 0.722,
  "energy_25": 0.499,
  "loudness_25": -5.958,
  "mode_25": 1.0,
  "speechi_25": 0.032,
  "acoustic_25": 0.63,
  "instrumental_25": 1.81e-06,
  "liveness_25": 0.112,
  "valence_25": 0.541,
  "tempo_25": 127.915,
  "dance_26": 0,
  "energy_26": 0,
  "loudness_26": 0,
  "mode_26": 0,
  "speechi_26": 0,
  "acoustic_26": 0,
  "instrumental_26": 0,
  "liveness_26": 0,
  "valence_26": 0,
  "tempo_26": 0,
  "dance_27": 0.7385,
  "energy_27": 0.621,
  "loudness_27": -7.765000000000001,
  "mode_27": 0,
  "speechi_27": 0.0505,
  "acoustic_27": 0.3245,
  "instrumental_27": 2.425e-05,
  "liveness_27": 0.15645,
  "valence_27": 0.5385,
  "tempo_27": 97.5475,
  "dance_28": 0.6297142857142858,
  "energy_28": 0.45385714285714285,
  "loudness_28": -9.836142857142859,
  "mode_28": 0.14285714285714285,
  "speechi_28": 0.04252857142857142,
  "acoustic_28": 0.5248571428571429,
  "instrumental_28": 0.0037702857142857143,
  "liveness_28": 0.13991428571428574,
  "valence_28": 0.41571428571428576,
  "tempo_28": 104.90814285714285,
  "dance_29": 0.7638,
  "energy_29": 0.5124000000000001,
  "loudness_29": -9.8988,
  "mode_29": 0.2,
  "speechi_29": 0.04682,