{
  "dance_1": 0.6637142857142857,
  "energy_1": 0.5271242857142857,
  "loudness_1": -11.450142857142854,
  "mode_1": 0.5714285714285714,
  "speechi_1": 0.0413,
  "acoustic_1": 0.6023714285714286,
  "instrumental_1": 0.36343034999999996,
  "liveness_1": 0.2917142857142857,
  "valence_1": 0.5241285714285715,
  "tempo_1": 98.25357142857142,
  "dance_2": 0.783,
  "energy_2": 0.592,
  "loudness_2": -8.332,
  "mode_2": 0,
  "speechi_2": 0.0331,
  "acoustic_2": 0.435,
  "instrumental_2": 4.15e-06,
  "liveness_2": 0.347,
  "valence_2": 0.726,
  "tempo_2": 120.01799999999999,
  "dance_3": 0.7157894736842105,
  "energy_3": 0.6845263157894736,
  "loudness_3": -6.115263157894738,
  "mode_3": 0.3157894736842105,
  "speechi_3": 0.10426315789473682,
  "acoustic_3": 0.2371052631578948,
  "instrumental_3": 0.00024046736842105263,
  "liveness_3": 0.29566842105263164,
  "valence_3": 0.6068947368421052,
  "tempo_3": 110.2482105263158,
  "dance_4": 0.7460727272727276,
  "energy_4": 0.6636363636363639,
  "loudness_4": -7.457963636363635,
  "mode_4": 0.45454545454545453,
  "speechi_4": 0.09914545454545456,
  "acoustic_4": 0.36257090909090917,
  "instrumental_4": 0.014542240363636359,
  "liveness_4": 0.14676727272727275,
  "valence_4": 0.7303454545454545,
  "tempo_4": 117.50334545454548,
  "dance_5": 0.83,
  "energy_5": 0.925,
  "loudness_5": -2.224,
  "mode_5": 1.0,
  "speechi_5": 0.0673,
  "acoustic_5": 0.0788,
  "instrumental_5": 0.000839,
  "liveness_5": 0.23,
  "valence_5": 0.779,
  "tempo_5": 140.03,
  "dance_6": 0.801,
  "energy_6": 0.883,
  "loudness_6": -6.154,
  "mode_6": 0,
  "speechi_6": 0.061,
  "acoustic_6": 0.0816,
  "instrumental_6": 0.00024,
  "liveness_6": 0.0921,
  "valence_6": 0.756,
  "tempo_6": 135.007,
  "dance_7": 0.6905000000000001,
  "energy_7": 0.7023985869565216,
  "loudness_7": -6.624478260869564,
  "mode_7": 0.45652173913043476,
  "speechi_7": 0.11191304347826082,
  "acoustic_7": 0.25960826086956534,
  "instrumental_7": 0.06702440054347825,
  "liveness_7": 0.17772282608695655,
  "valence_7": 0.6227695652173911,
  "tempo_7": 112.47113043478264,
  "dance_8": 0.659,
  "energy_8": 0.718,
  "loudness_8": -5.607,
  "mode_8": 0,
  "speechi_8": 0.0507,
  "acoustic_8": 0.202,
  "instrumental_8": 1.01e-06,
  "liveness_8": 0.2,
  "valence_8": 0.297,
  "tempo_8": 136.96,
  "dance_9": 0.839,
  "energy_9": 0.687,
  "loudness_9": -6.648,
  "mode_9": 1.0,
  "speechi_9": 0.0493,
  "acoustic_9": 0.0319,
  "instrumental_9": 9.62e-06,
  "liveness_9": 0.2,
  "valence_9": 0.281,
  "tempo_9": 100.027,
  "dance_10": 0.7465,
  "energy_10": 0.73525,
  "loudness_10": -4.26675,
  "mode_10": 0.5,
  "speechi_10": 0.1565,
  "acoustic_10": 0.091975,
  "instrumental_10": 0.00012175,
  "liveness_10": 0.32735000000000003,
  "valence_10": 0.5347500000000001,
  "tempo_10": 143.467,
  "dance_11": 0.79,
  "energy_11": 0.831,
  "loudness_11": -4.185,
  "mode_11": 1.0,
  "speechi_11": 0.044,
  "acoustic_11": 0.312,
  "instrumental_11": 0,
  "liveness_11": 0.0797,
  "valence_11": 0.872,
  "tempo_11": 124.987,
  "dance_12": 0.7180384615384615,
  "energy_12": 0.7152692307692307,
  "loudness_12": -6.401807692307693,
  "mode_12": 0.38461538461538464,
  "speechi_12": 0.11089807692307693,
  "acoustic_12": 0.24587884615384611,
  "instrumental_12": 0.0018144449999999994,
  "liveness_12": 0.18658461538461543,
  "valence_12": 0.6663076923076923,
  "tempo_12": 128.75907692307695,
  "dance_13": 0.855,
  "energy_13": 0.463,
  "loudness_13": -7.454,
  "mode_13": 1.0,
  "speechi_13": 0.0367,
  "acoustic_13": 0.217,
  "instrumental_13": 1.77e-05,
  "liveness_13": 0.347,
  "valence_13": 0.866,
  "tempo_13": 102.931,
  "dance_14": 0.6749302325581394,
  "energy_14": 0.6757118604651162,
  "loudness_14": -6.380604651162789,
  "mode_14": 0.5116279069767442,
  "speechi_14": 0.09022790697674417,
  "acoustic_14": 0.2629253488372092,
  "instrumental_14": 0.08547708627906977,
  "liveness_14": 0.20459534883720928,
  "valence_14": 0.5601767441860463,
  "tempo_14": 117.81951162790699,
  "dance_15": 0.689,
  "energy_15": 0.678,
  "loudness_15": -4.287,
  "mode_15": 0,
  "speechi_15": 0.119,
  "acoustic_15": 0.0702,
  "instrumental_15": 0,
  "liveness_15": 0.0889,
  "valence_15": 0.335,
  "tempo_15": 145.883,
  "dance_16": 0.7681999999999999,
  "energy_16": 0.7648666666666667,
  "loudness_16": -4.115266666666667,
  "mode_16": 0.6,
  "speechi_16": 0.10145333333333333,
  "acoustic_16": 0.07519866666666668,
  "instrumental_16": 0.00011175199999999998,
  "liveness_16": 0.16788666666666663,
  "valence_16": 0.6472666666666665,
  "tempo_16": 124.52959999999999,
  "dance_17": 0.7425263157894737,
  "energy_17": 0.8089999999999999,
  "loudness_17": -6.778736842105264,
  "mode_17": 0.3684210526315789,
  "speechi_17": 0.10643684210526316,
  "acoustic_17": 0.26681052631578944,
  "instrumental_17": 0.06271531631578948,
  "liveness_17": 0.15830526315789473,
  "valence_17": 0.7472631578947369,
  "tempo_17": 109.8418947368421,
  "dance_18": 0.6969285714285715,
  "energy_18": 0.7114523809523808,
  "loudness_18": -5.777761904761904,
  "mode_18": 0.35714285714285715,
  "speechi_18": 0.11041428571428573,
  "acoustic_18": 0.171015,
  "instrumental_18": 0.01904395261904762,
  "liveness_18": 0.21698809523809515,
  "valence_18": 0.6020238095238095,
  "tempo_18": 123.39690476190474,
  "dance_19": 0.7349714285714287,
  "energy_19": 0.7425428571428572,
  "loudness_19": -6.2469714285714275,
  "mode_19": 0.4,
  "speechi_19": 0.10284285714285715,
  "acoustic_19": 0.22172485714285714,
  "instrumental_19": 0.06686856999999997,
  "liveness_19": 0.1493571428571429,
  "valence_19": 0.6209714285714285,
  "tempo_19": 120.42691428571426,
  "dance_20": 0.7270000000000001,
  "energy_20": 0.5325,
  "loudness_20": -9.959999999999999,
  "mode_20": 0,
  "speechi_20": 0.0639,
  "acoustic_20": 0.5313,
  "instrumental_20": 0.475,
  "liveness_20": 0.113,
  "valence_20": 0.575,
  "tempo_20": 124.50999999999999,
  "dance_21": 0.629,
  "energy_21": 0.806,
  "loudness_21": -2.034,
  "mode_21": 0,
  "speechi_21": 0.201,
  "acoustic_21": 0.0212,
  "instrumental_21": 0.000487,
  "liveness_21": 0.0955,
  "valence_21": 0.545,
  "tempo_21": 186.022,
  "dance_22": 0.8001000000000001,
  "energy_22": 0.8059,
  "loudness_22": -4.3016000000000005,
  "mode_22": 0.5,
  "speechi_22": 0.10636999999999999,
  "acoustic_22": 0.140329,
  "instrumental_22": 0.000101166,
  "liveness_22": 0.19164999999999996,
  "valence_22": 0.7365999999999999,
  "tempo_22": 113.5936,
  "dance_23": 0.753,
  "energy_23": 0.836,
  "loudness_23": -4.227,
  "mode_23": 1.0,
  "speechi_23": 0.206,
  "acoustic_23": 0.202,
  "instrumental_23": 0,
  "liveness_23": 0.497,
  "valence_23": 0.732,
  "tempo_23": 109.979,
  "dance_24": 0.618027027027027,
  "energy_24": 0.545354054054054,
  "loudness_24": -9.081324324324326,
  "mode_24": 0.7567567567567568,
  "speechi_24": 0.06127027027027028,
  "acoustic_24": 0.2863740540540541,
  "instrumental_24": 0.10258771378378378,
  "liveness_24": 0.17133243243243243,
  "valence_24": 0.43703513513513514,
  "tempo_24": 111.72948648648648
}