{
  "dance_vara": 0.15890319371828296,
  "energy_vara": 0.1873734870013426,
  "loudness_vara": 2.3941351795752026,
  "mode_vara": 0.2755689980388661,
  "speechiness_vara": 0.04607839795079902,
  "acoustic_vara": 0.19526464461840057,
  "instrument_vara": 0.07692765023805265,
  "liveness_vara": 0.118569217612626,
  "valence_vara": 0.18382696731583423,
  "tempo_vara": 33.188454439452464,
  "dance_autocorr": 2.0153271001455777,
  "energy_autocorr": 1.7690029250338426,
  "loudness_autocorr": 23.93561702421139,
  "mode_autocorr": 0.7435063757923805,
  "speechiness_autocorr": 0.14526201849338383,
  "acoustic_autocorr": 0.7455232299310506,
  "instrument_autocorr": 0.04082790461024395,
  "liveness_autocorr": 0.3558698544831602,
  "valence_autocorr": 1.3935111499328152,
  "tempo_autocorr": 406.3645232610333
}