{
  "dance_1": 0.6453,
  "energy_1": 0.49959999999999993,
  "loudness_1": -9.866200000000001,
  "mode_1": 0.3,
  "speechi_1": 0.06682,
  "acoustic_1": 0.46907999999999994,
  "instrumental_1": 0.09618405000000001,
  "liveness_1": 0.11741000000000001,
  "valence_1": 0.5515000000000001,
  "tempo_1": 113.26880000000001,
  "dance_2": 0.709,
  "energy_2": 0.454,
  "loudness_2": -7.843,
  "mode_2": 0,
  "speechi_2": 0.167,
  "acoustic_2": 0.445,
  "instrumental_2": 0,
  "liveness_2": 0.136,
  "valence_2": 0.548,
  "tempo_2": 90.038,
  "dance_3": 0,
  "energy_3": 0,
  "loudness_3": 0,
  "mode_3": 0,
  "speechi_3": 0,
  "acoustic_3": 0,
  "instrumental_3": 0,
  "liveness_3": 0,
  "valence_3": 0,
  "tempo_3": 0,
  "dance_4": 0,
  "energy_4": 0,
  "loudness_4": 0,
  "mode_4": 0,
  "speechi_4": 0,
  "acoustic_4": 0,
  "instrumental_4": 0,
  "liveness_4": 0,
  "valence_4": 0,
  "tempo_4": 0,
  "dance_5": 0.7177777777777777,
  "energy_5": 0.5595555555555555,
  "loudness_5": -7.83611111111111,
  "mode_5": 0.4444444444444444,
  "speechi_5": 0.0669111111111111,
  "acoustic_5": 0.3026777777777777,
  "instrumental_5": 0.0006803555555555556,
  "liveness_5": 0.11745555555555555,
  "valence_5": 0.5951111111111111,
  "tempo_5": 110.73722222222221,
  "dance_6": 0.7444999999999999,
  "energy_6": 0.5155,
  "loudness_6": -8.0305,
  "mode_6": 0.5,
  "speechi_6": 0.09855,
  "acoustic_6": 0.2596,
  "instrumental_6": 5.25e-06,
  "liveness_6": 0.136,
  "valence_6": 0.6465000000000001,
  "tempo_6": 101.5055,
  "dance_7": 0.6175,
  "energy_7": 0.5293333333333334,
  "loudness_7": -8.948583333333334,
  "mode_7": 0.16666666666666666,
  "speechi_7": 0.07715,
  "acoustic_7": 0.47036083333333334,
  "instrumental_7": 0.0777174925,
  "liveness_7": 0.13831666666666667,
  "valence_7": 0.6533333333333334,
  "tempo_7": 120.37508333333331,
  "dance_8": 0.709,
  "energy_8": 0.454,
  "loudness_8": -7.843,
  "mode_8": 0,
  "speechi_8": 0.167,
  "acoustic_8": 0.445,
  "instrumental_8": 0,
  "liveness_8": 0.136,
  "valence_8": 0.548,
  "tempo_8": 90.038,
  "dance_9": 0.795,
  "energy_9": 0.53,
  "loudness_9": -12.053,
  "mode_9": 0,
  "speechi_9": 0.204,
  "acoustic_9": 0.72,
  "instrumental_9": 3.01e-06,
  "liveness_9": 0.309,
  "valence_9": 0.752,
  "tempo_9": 85.065,
  "dance_10": 0.7444999999999999,
  "energy_10": 0.5155,
  "loudness_10": -8.0305,
  "mode_10": 0.5,
  "speechi_10": 0.09855,
  "acoustic_10": 0.2596,
  "instrumental_10": 5.25e-06,
  "liveness_10": 0.136,
  "valence_10": 0.6465000000000001,
  "tempo_10": 101.5055,
  "dance_11": 0.698,
  "energy_11": 0.942,
  "loudness_11": -2.53,
  "mode_11": 0,
  "speechi_11": 0.281,
  "acoustic_11": 0.191,
  "instrumental_11": 0,
  "liveness_11": 0.415,
  "valence_11": 0.608,
  "tempo_11": 150.068,
  "dance_12": 0.6582727272727271,
  "energy_12": 0.5485454545454544,
  "loudness_12": -7.944181818181818,
  "mode_12": 0.2727272727272727,
  "speechi_12": 0.061554545454545445,
  "acoustic_12": 0.26820909090909095,
  "instrumental_12": 0.004517181818181818,
  "liveness_12": 0.15984545454545454,
  "valence_12": 0.4567272727272727,
  "tempo_12": 124.45945454545455,
  "dance_13": 0.56275,
  "energy_13": 0.49491666666666667,
  "loudness_13": -8.758583333333334,
  "mode_13": 0.6666666666666666,
  "speechi_13": 0.050441666666666655,
  "acoustic_13": 0.4079358333333334,
  "instrumental_13": 0.081166,
  "liveness_13": 0.1443,
  "valence_13": 0.48455833333333337,
  "tempo_13": 119.78833333333336,
  "dance_14": 0.7104615384615381,
  "energy_14": 0.6965192307692306,
  "loudness_14": -7.450903846153845,
  "mode_14": 0.5384615384615384,
  "speechi_14": 0.1063403846153846,
  "acoustic_14": 0.35334615384615387,
  "instrumental_14": 0.019611720769230772,
  "liveness_14": 0.21252307692307693,
  "valence_14": 0.6504230769230767,
  "tempo_14": 121.74026923076926,
  "dance_15": 0.7317666666666668,
  "energy_15": 0.6795000000000001,
  "loudness_15": -7.739766666666668,
  "mode_15": 0.4,
  "speechi_15": 0.11673333333333336,
  "acoustic_15": 0.3461299999999998,
  "instrumental_15": 0.018918553999999997,
  "liveness_15": 0.23296,
  "valence_15": 0.6306333333333334,
  "tempo_15": 110.9236,
  "dance_16": 0.712892857142857,
  "energy_16": 0.7651785714285714,
  "loudness_16": -7.185892857142855,
  "mode_16": 0.5714285714285714,
  "speechi_16": 0.14836071428571432,
  "acoustic_16": 0.3034925,
  "instrumental_16": 0.0037266807142857144,
  "liveness_16": 0.14636071428571434,
  "valence_16": 0.7091071428571427,
  "tempo_16": 121.06485714285714,
  "dance_17": 0.7702068965517239,
  "energy_17": 0.5510689655172414,
  "loudness_17": -10.284551724137929,
  "mode_17": 0.6206896551724138,
  "speechi_17": 0.0801344827586207,
  "acoustic_17": 0.20383793103448275,
  "instrumental_17": 0.002758255517241379,
  "liveness_17": 0.14630344827586206,
  "valence_17": 0.5302413793103448,
  "tempo_17": 111.21848275862071,
  "dance_18": 0.7167931034482758,
  "energy_18": 0.6995172413793106,
  "loudness_18": -7.480724137931036,
  "mode_18": 0.41379310344827586,
  "speechi_18": 0.11494827586206899,
  "acoustic_18": 0.36085517241379306,
  "instrumental_18": 0.0489175251724138,
  "liveness_18": 0.21853448275862072,
  "valence_18": 0.6331724137931035,
  "tempo_18": 112.62106896551724,
  "dance_19": 0.87,
  "energy_19": 0.899,
  "loudness_19": -4.216,
  "mode_19": 0,
  "speechi_19": 0.196,
  "acoustic_19": 0.136,
  "instrumental_19": 0,
  "liveness_19": 0.0483,
  "valence_19": 0.828,
  "tempo_19": 112.435,
  "dance_20": 0.7390999999999999,
  "energy_20": 0.7024,
  "loudness_20": -7.767500000000001,
  "mode_20": 0.5,
  "speechi_20": 0.09056,
  "acoustic_20": 0.38029999999999997,
  "instrumental_20": 0.000108822,
  "liveness_20": 0.14529,
  "valence_20": 0.5843,
  "tempo_20": 107.44100000000003,
  "dance_21": 0.6919000000000001,
  "energy_21": 0.5781000000000001,
  "loudness_21": -9.0734,
  "mode_21": 0.5,
  "speechi_21": 0.059840000000000004,
  "acoustic_21": 0.38015999999999994,
  "instrumental_21": 0.00045309900000000005,
  "liveness_21": 0.12046000000000001,
  "valence_21": 0.5135000000000001,
  "tempo_21": 110.38640000000001,
  "dance_22": 0.7172083333333333,
  "energy_22": 0.6925416666666667,
  "loudness_22": -7.383541666666667,
  "mode_22": 0.4583333333333333,
  "speechi_22": 0.11094583333333334,
  "acoustic_22": 0.3913583333333333,
  "instrumental_22": 0.023238855,
  "liveness_22": 0.24042500000000003,
  "valence_22": 0.6169166666666667,
  "tempo_22": 113.22220833333334,
  "dance_23": 0.7159285714285712,
  "energy_23": 0.7305714285714285,
  "loudness_23": -7.006857142857144,
  "mode_23": 0.6428571428571429,
  "speechi_23": 0.11592857142857145,
  "acoustic_23": 0.4710714285714285,
  "instrumental_23": 0.0006891585714285714,
  "liveness_23": 0.18064285714285716,
  "valence_23": 0.5809285714285713,
  "tempo_23": 121.165,
  "dance_24": 0.695764705882353,
  "energy_24": 0.6555882352941176,
  "loudness_24": -7.372941176470587,
  "mode_24": 0.35294117647058826,
  "speechi_24": 0.10979411764705882,
  "acoustic_24": 0.3631529411764706,
  "instrumental_24": 0.03249201764705883,
  "liveness_24": 0.2743529411764706,
  "valence_24": 0.6050588235294118,
  "tempo_24": 114.26464705882353,
  "dance_25": 0.6265000000000001,
  "energy_25": 0.5569999999999999,
  "loudness_25": -7.4565,
  "mode_25": 0.5,
  "speechi_25": 0.0395,
  "acoustic_25": 0.532,
  "instrumental_25": 0,
  "liveness_25": 0.10975,
  "valence_25": 0.538,
  "tempo_25": 122.831,
  "dance_26": 0.7271428571428571,
  "energy_26": 0.6376428571428571,
  "loudness_26": -7.616642857142858,
  "mode_26": 0.4642857142857143,
  "speechi_26": 0.08402142857142857,
  "acoustic_26": 0.28339285714285717,
  "instrumental_26": 0.0018279746428571425,
  "liveness_26": 0.15195714285714287,
  "valence_26": 0.5899642857142858,
  "tempo_26": 114.02217857142855,
  "dance_27": 0.6953125,
  "energy_27": 0.6079375000000001,
  "loudness_27": -8.159375,
  "mode_27": 0.625,
  "speechi_27": 0.06855625,
  "acoustic_27": 0.34205625000000006,
  "instrumental_27": 0.028096111250000007,