{
  "dance_1": 0,
  "energy_1": 0,
  "loudness_1": 0,
  "mode_1": 0,
  "speechi_1": 0,
  "acoustic_1": 0,
  "instrumental_1": 0,
  "liveness_1": 0,
  "valence_1": 0,
  "tempo_1": 0,
  "dance_2": 0.624,
  "energy_2": 0.535,
  "loudness_2": -10.531,
  "mode_2": 1.0,
  "speechi_2": 0.0376,
  "acoustic_2": 0.642,
  "instrumental_2": 5.31e-06,
  "liveness_2": 0.114,
  "valence_2": 0.577,
  "tempo_2": 114.867,
  "dance_3": 0.5423333333333333,
  "energy_3": 0.34556666666666663,
  "loudness_3": -12.869416666666666,
  "mode_3": 0.4166666666666667,
  "speechi_3": 0.038200000000000005,
  "acoustic_3": 0.6117075,
  "instrumental_3": 0.016843640000000003,
  "liveness_3": 0.1264,
  "valence_3": 0.3314416666666667,
  "tempo_3": 116.91699999999997,
  "dance_4": 0.37200000000000005,
  "energy_4": 0.351,
  "loudness_4": -12.860999999999999,
  "mode_4": 0.6666666666666666,
  "speechi_4": 0.0327,
  "acoustic_4": 0.733,
  "instrumental_4": 0.14526633333333333,
  "liveness_4": 0.0997,
  "valence_4": 0.3293333333333333,
  "tempo_4": 99.78899999999999
}