{
  "dance_1": 0,
  "energy_1": 0,
  "loudness_1": 0,
  "mode_1": 0,
  "speechi_1": 0,
  "acoustic_1": 0,
  "instrumental_1": 0,
  "liveness_1": 0,
  "valence_1": 0,
  "tempo_1": 0,
  "dance_2": 0.631,
  "energy_2": 0.886,
  "loudness_2": -5.866,
  "mode_2": 0,
  "speechi_2": 0.286,
  "acoustic_2": 0.255,
  "instrumental_2": 4.29e-06,
  "liveness_2": 0.0767,
  "valence_2": 0.864,
  "tempo_2": 111.752,
  "dance_3": 0.6508333333333334,
  "energy_3": 0.6711666666666667,
  "loudness_3": -6.623166666666667,
  "mode_3": 0.6666666666666666,
  "speechi_3": 0.13648333333333332,
  "acoustic_3": 0.4133333333333334,
  "instrumental_3": 7.276333333333333e-05,
  "liveness_3": 0.18956666666666666,
  "valence_3": 0.5686666666666667,
  "tempo_3": 122.56383333333332,
  "dance_4": 0.5845833333333333,
  "energy_4": 0.6308333333333335,
  "loudness_4": -6.162749999999999,
  "mode_4": 0.75,
  "speechi_4": 0.04729166666666667,
  "acoustic_4": 0.30534912499999994,
  "instrumental_4": 0.05953507333333333,
  "liveness_4": 0.233375,
  "valence_4": 0.47508333333333336,
  "tempo_4": 119.41725000000001,
  "dance_5": 0.747,
  "energy_5": 0.7969999999999999,
  "loudness_5": -3.833,
  "mode_5": 1.0,
  "speechi_5": 0.0477,
  "acoustic_5": 0.00193975,
  "instrumental_5": 0,
  "liveness_5": 0.1244,
  "valence_5": 0.632,
  "tempo_5": 128.51850000000002,
  "dance_6": 0.751,
  "energy_6": 0.656,
  "loudness_6": -7.230222222222222,
  "mode_6": 0.3333333333333333,
  "speechi_6": 0.05057777777777778,
  "acoustic_6": 0.3705555555555555,
  "instrumental_6": 0.0026216888888888888,
  "liveness_6": 0.18576666666666666,
  "valence_6": 0.642,
  "tempo_6": 115.20277777777778,
  "dance_7": 0.631,
  "energy_7": 0.886,
  "loudness_7": -5.866,
  "mode_7": 0,
  "speechi_7": 0.286,
  "acoustic_7": 0.255,
  "instrumental_7": 4.29e-06,
  "liveness_7": 0.0767,
  "valence_7": 0.864,
  "tempo_7": 111.752,
  "dance_8": 0.6896923076923076,
  "energy_8": 0.7484615384615385,
  "loudness_8": -7.76,
  "mode_8": 0.46153846153846156,
  "speechi_8": 0.14654615384615385,
  "acoustic_8": 0.5892307692307692,
  "instrumental_8": 0.050024073076923074,
  "liveness_8": 0.2613307692307692,
  "valence_8": 0.6291538461538461,
  "tempo_8": 106.74807692307692,
  "dance_9": 0.576,
  "energy_9": 0.878,
  "loudness_9": -3.217,
  "mode_9": 0,
  "speechi_9": 0.0539,
  "acoustic_9": 0.125,
  "instrumental_9": 0,
  "liveness_9": 0.227,
  "valence_9": 0.467,
  "tempo_9": 97.955,
  "dance_10": 0.7066666666666667,
  "energy_10": 0.6423333333333333,
  "loudness_10": -6.972333333333334,
  "mode_10": 0.3333333333333333,
  "speechi_10": 0.05316666666666666,
  "acoustic_10": 0.3436666666666666,
  "instrumental_10": 0.00776974,
  "liveness_10": 0.2161,
  "valence_10": 0.5043333333333334,
  "tempo_10": 117.03366666666666,
  "dance_11": 0.745,
  "energy_11": 0.679,
  "loudness_11": -6.9205,
  "mode_11": 0.5,
  "speechi_11": 0.046900000000000004,
  "acoustic_11": 0.32075000000000004,
  "instrumental_11": 1.035e-05,
  "liveness_11": 0.262525,
  "valence_11": 0.6965,
  "tempo_11": 110.39525,
  "dance_12": 0.72625,
  "energy_12": 0.6895,
  "loudness_12": -6.8635,
  "mode_12": 0.25,
  "speechi_12": 0.08234999999999999,
  "acoustic_12": 0.478375,
  "instrumental_12": 0.00494072875,
  "liveness_12": 0.21638749999999998,
  "valence_12": 0.657625,
  "tempo_12": 130.04025000000001,
  "dance_13": 0.6906666666666667,
  "energy_13": 0.6326666666666667,
  "loudness_13": -7.82,
  "mode_13": 0.3333333333333333,
  "speechi_13": 0.1324,
  "acoustic_13": 0.5596666666666666,
  "instrumental_13": 5.2600000000000005e-06,
  "liveness_13": 0.17450000000000002,
  "valence_13": 0.6743333333333333,
  "tempo_13": 149.29933333333335,
  "dance_14": 0.7482500000000001,
  "energy_14": 0.68575,
  "loudness_14": -6.9125000000000005,
  "mode_14": 0.5,
  "speechi_14": 0.063225,
  "acoustic_14": 0.22275,
  "instrumental_14": 2.07e-05,
  "liveness_14": 0.2236,
  "valence_14": 0.5905,
  "tempo_14": 96.11825,
  "dance_15": 0.674,
  "energy_15": 0.627,
  "loudness_15": -7.494666666666667,
  "mode_15": 0.3333333333333333,
  "speechi_15": 0.08326666666666667,
  "acoustic_15": 0.4993333333333334,
  "instrumental_15": 8.733333333333335e-05,
  "liveness_15": 0.148,
  "valence_15": 0.7233333333333333,
  "tempo_15": 101.38866666666667,
  "dance_16": 0.63,
  "energy_16": 0.536,
  "loudness_16": -8.670333333333335,
  "mode_16": 0.4444444444444444,
  "speechi_16": 0.04672222222222222,
  "acoustic_16": 0.6318888888888889,
  "instrumental_16": 0.0027987788888888887,
  "liveness_16": 0.18805555555555556,
  "valence_16": 0.6027777777777777,
  "tempo_16": 126.72066666666667,
  "dance_17": 0.53175,
  "energy_17": 0.5359999999999999,
  "loudness_17": -7.68775,
  "mode_17": 0.875,
  "speechi_17": 0.04567500000000001,
  "acoustic_17": 0.506,
  "instrumental_17": 0.00023992250000000003,
  "liveness_17": 0.1700125,
  "valence_17": 0.39537500000000003,
  "tempo_17": 120.81987500000001,
  "dance_18": 0,
  "energy_18": 0,
  "loudness_18": 0,
  "mode_18": 0,
  "speechi_18": 0,
  "acoustic_18": 0,
  "instrumental_18": 0,
  "liveness_18": 0,
  "valence_18": 0,
  "tempo_18": 0,
  "dance_19": 0.731,
  "energy_19": 0.637,
  "loudness_19": -9.253,
  "mode_19": 0,
  "speechi_19": 0.0784,
  "acoustic_19": 0.42,
  "instrumental_19": 2.53e-05,
  "liveness_19": 0.136,
  "valence_19": 0.473,
  "tempo_19": 81.989,
  "dance_20": 0.6883333333333335,
  "energy_20": 0.7558095238095237,
  "loudness_20": -6.58952380952381,
  "mode_20": 0.47619047619047616,
  "speechi_20": 0.13397619047619047,
  "acoustic_20": 0.38561428571428574,
  "instrumental_20": 0.012433069523809523,
  "liveness_20": 0.1956857142857143,
  "valence_20": 0.6116190476190476,
  "tempo_20": 134.4055714285714,
  "dance_21": 0.607,
  "energy_21": 0.50675,
  "loudness_21": -7.5985,
  "mode_21": 0.5,
  "speechi_21": 0.1635,
  "acoustic_21": 0.4,
  "instrumental_21": 1.165e-05,
  "liveness_21": 0.30674999999999997,
  "valence_21": 0.56185,
  "tempo_21": 143.1585,
  "dance_22": 0,
  "energy_22": 0,
  "loudness_22": 0,
  "mode_22": 0,
  "speechi_22": 0,
  "acoustic_22": 0,
  "instrumental_22": 0,
  "liveness_22": 0,
  "valence_22": 0,
  "tempo_22": 0,
  "dance_23": 0.6371428571428571,
  "energy_23": 0.7839999999999999,
  "loudness_23": -4.7054285714285715,
  "mode_23": 0.7142857142857143,
  "speechi_23": 0.21031428571428568,
  "acoustic_23": 0.284,
  "instrumental_23": 1.3671428571428571e-06,
  "liveness_23": 0.23154285714285713,
  "valence_23": 0.5587142857142856,
  "tempo_23": 125.39657142857143,
  "dance_24": 0.6140000000000001,
  "energy_24": 0.662875,
  "loudness_24": -8.526874999999999,
  "mode_24": 0.75,
  "speechi_24": 0.10070000000000001,
  "acoustic_24": 0.43733,
  "instrumental_24": 0.040233137499999995,
  "liveness_24": 0.19458749999999997,
  "valence_24": 0.4293,
  "tempo_24": 143.46525,
  "dance_25": 0.5936666666666667,
  "energy_25": 0.5163333333333333,
  "loudness_25": -6.418666666666667,
  "mode_25": 0.3333333333333333,
  "speechi_25": 0.17233333333333334,
  "acoustic_25": 0.418,
  "instrumental_25": 0,
  "liveness_25": 0.38199999999999995,
  "valence_25": 0.4368,
  "tempo_25": 140.57566666666665,
  "dance_26": 0.702,
  "energy_26": 0.982,
  "loudness_26": -3.973,
  "mode_26": 0,
  "speechi_26": 0.0877,
  "acoustic_26": 0.174,
  "instrumental_26": 0.211,
  "liveness_26": 0.191,
  "valence_26": 0.685,
  "tempo_26": 140.016,
  "dance_27": 0,
  "energy_27": 0,
  "loudness_27": 0,
  "mode_27": 0,
  "speechi_27": 0,
  "acoustic_27": 0,
  "instrumental_27": 0,
  "liveness_27": 0,
  "valence_27": 0,
  "tempo_27": 0,
  "dance_28": 0.7253333333333333,
  "energy_28": 0.6994444444444444,
  "loudness_28": -7.63311111111111,
  "mode_28": 0.5555555555555556,
  "speechi_28": 0.2074,
  "acoustic_28": 0.20242222222222223,
  "instrumental_28": 0.00029961111111111106,
  "liveness_28": 0.12282222222222222,
  "valence_28": 0.6665555555555556,
  "tempo_28": 123.49133333333333,
  "dance_29": 0.70325,
  "energy_29": 0.6644166666666667,
  "loudness_29": -6.235666666666667,