{
  "dance_1": 0.66848,
  "energy_1": 0.6608799999999999,
  "loudness_1": -7.74916,
  "mode_1": 0.32,
  "speechi_1": 0.16064399999999998,
  "acoustic_1": 0.371,
  "instrumental_1": 0.0366399804,
  "liveness_1": 0.14207599999999998,
  "valence_1": 0.547748,
  "tempo_1": 128.45015999999998,
  "dance_2": 0.6375,
  "energy_2": 0.681,
  "loudness_2": -9.206,
  "mode_2": 1.0,
  "speechi_2": 0.1587,
  "acoustic_2": 0.383,
  "instrumental_2": 0.26750116,
  "liveness_2": 0.30434999999999995,
  "valence_2": 0.8180000000000001,
  "tempo_2": 119.72899999999998,
  "dance_3": 0.685,
  "energy_3": 0.561,
  "loudness_3": -4.185,
  "mode_3": 0,
  "speechi_3": 0.0298,
  "acoustic_3": 0.481,
  "instrumental_3": 0.00181,
  "liveness_3": 0.16,
  "valence_3": 0.312,
  "tempo_3": 90.023,
  "dance_4": 0.843,
  "energy_4": 0.681,
  "loudness_4": -7.25,
  "mode_4": 1.0,
  "speechi_4": 0.318,
  "acoustic_4": 0.583,
  "instrumental_4": 0.0161,
  "liveness_4": 0.124,
  "valence_4": 0.647,
  "tempo_4": 116.879,
  "dance_5": 0.843,
  "energy_5": 0.681,
  "loudness_5": -7.25,
  "mode_5": 1.0,
  "speechi_5": 0.318,
  "acoustic_5": 0.5830000000000001,
  "instrumental_5": 0.0161,
  "liveness_5": 0.124,
  "valence_5": 0.6470000000000001,
  "tempo_5": 116.879,
  "dance_6": 0.8718750000000001,
  "energy_6": 0.8612500000000001,
  "loudness_6": -3.9818750000000005,
  "mode_6": 0.125,
  "speechi_6": 0.0891,
  "acoustic_6": 0.22162499999999996,
  "instrumental_6": 0.011287499999999999,
  "liveness_6": 0.09424999999999999,
  "valence_6": 0.5105000000000001,
  "tempo_6": 121.39924999999998,
  "dance_7": 0.6345,
  "energy_7": 0.7016666666666667,
  "loudness_7": -7.916291666666667,
  "mode_7": 0.6666666666666666,
  "speechi_7": 0.105775,
  "acoustic_7": 0.28427541666666667,
  "instrumental_7": 0.07509206541666667,
  "liveness_7": 0.14059166666666667,
  "valence_7": 0.4914,
  "tempo_7": 126.27162499999999,
  "dance_8": 0.5934,
  "energy_8": 0.8398000000000001,
  "loudness_8": -5.85,
  "mode_8": 0.8,
  "speechi_8": 0.1653,
  "acoustic_8": 0.19657999999999998,
  "instrumental_8": 0.060919,
  "liveness_8": 0.13835999999999998,
  "valence_8": 0.4164,
  "tempo_8": 93.1926,
  "dance_9": 0.6378333333333334,
  "energy_9": 0.6823333333333333,
  "loudness_9": -7.590333333333334,
  "mode_9": 0.3333333333333333,
  "speechi_9": 0.1558166666666667,
  "acoustic_9": 0.34446666666666664,
  "instrumental_9": 0.24651853166666668,
  "liveness_9": 0.14698333333333333,
  "valence_9": 0.5644333333333333,
  "tempo_9": 129.11266666666668
}