{
  "dance_1": 0.6959166666666666,
  "energy_1": 0.6925,
  "loudness_1": -5.351166666666667,
  "mode_1": 0.75,
  "speechi_1": 0.09460000000000002,
  "acoustic_1": 0.2155583333333333,
  "instrumental_1": 0.12384029166666666,
  "liveness_1": 0.17155833333333334,
  "valence_1": 0.6134999999999999,
  "tempo_1": 117.79849999999999,
  "dance_2": 0.6296666666666666,
  "energy_2": 0.6436666666666667,
  "loudness_2": -7.528,
  "mode_2": 0.3333333333333333,
  "speechi_2": 0.05876666666666667,
  "acoustic_2": 0.3844666666666667,
  "instrumental_2": 0.3093398333333333,
  "liveness_2": 0.20099999999999998,
  "valence_2": 0.5623333333333334,
  "tempo_2": 114.97266666666667,
  "dance_3": 0.6511136363636364,
  "energy_3": 0.682909090909091,
  "loudness_3": -6.203454545454545,
  "mode_3": 0.6136363636363636,
  "speechi_3": 0.11280454545454548,
  "acoustic_3": 0.22036738636363637,
  "instrumental_3": 0.0942600865909091,
  "liveness_3": 0.21972045454545458,
  "valence_3": 0.4591295454545456,
  "tempo_3": 121.93672727272728,
  "dance_4": 0.643357142857143,
  "energy_4": 0.5113071428571428,
  "loudness_4": -9.226857142857144,
  "mode_4": 0.75,
  "speechi_4": 0.136125,
  "acoustic_4": 0.43553214285714287,
  "instrumental_4": 0.13470187928571425,
  "liveness_4": 0.20631428571428567,
  "valence_4": 0.4292142857142856,
  "tempo_4": 134.0575,
  "dance_5": 0.6631818181818181,
  "energy_5": 0.4598636363636363,
  "loudness_5": -12.394090909090908,
  "mode_5": 0.5454545454545454,
  "speechi_5": 0.15573636363636364,
  "acoustic_5": 0.5232636363636364,
  "instrumental_5": 0.19209221636363638,
  "liveness_5": 0.16882727272727271,
  "valence_5": 0.45363636363636367,
  "tempo_5": 124.2541818181818,
  "dance_6": 0.8155,
  "energy_6": 0.4165,
  "loudness_6": -11.7135,
  "mode_6": 0.5,
  "speechi_6": 0.352,
  "acoustic_6": 0.5115,
  "instrumental_6": 0.1525,
  "liveness_6": 0.1415,
  "valence_6": 0.38249999999999995,
  "tempo_6": 152.54500000000002,
  "dance_7": 0.435,
  "energy_7": 0.34,
  "loudness_7": -9.109,
  "mode_7": 1.0,
  "speechi_7": 0.0656,
  "acoustic_7": 0.852,
  "instrumental_7": 0,
  "liveness_7": 0.412,
  "valence_7": 0.356,
  "tempo_7": 179.735,
  "dance_8": 0.728,
  "energy_8": 0.563,
  "loudness_8": -8.053,
  "mode_8": 0,
  "speechi_8": 0.134,
  "acoustic_8": 0.621,
  "instrumental_8": 0,
  "liveness_8": 0.179,
  "valence_8": 0.352,
  "tempo_8": 100.017,
  "dance_9": 0.6481923076923076,
  "energy_9": 0.5012307692307693,
  "loudness_9": -11.876038461538464,
  "mode_9": 0.5384615384615384,
  "speechi_9": 0.13648846153846156,
  "acoustic_9": 0.45558934615384616,
  "instrumental_9": 0.21052131384615377,
  "liveness_9": 0.21893076923076926,
  "valence_9": 0.43420769230769235,
  "tempo_9": 125.16688461538462,
  "dance_10": 0.690047619047619,
  "energy_10": 0.539052380952381,
  "loudness_10": -10.648047619047619,
  "mode_10": 0.47619047619047616,
  "speechi_10": 0.16093333333333334,
  "acoustic_10": 0.3923238095238095,
  "instrumental_10": 0.16582269428571425,
  "liveness_10": 0.1706619047619048,
  "valence_10": 0.5086666666666668,
  "tempo_10": 123.20723809523808,
  "dance_11": 0.6594285714285715,
  "energy_11": 0.42692857142857144,
  "loudness_11": -14.758857142857144,
  "mode_11": 0.5714285714285714,
  "speechi_11": 0.1276428571428571,
  "acoustic_11": 0.5567142857142857,
  "instrumental_11": 0.28328776857142857,
  "liveness_11": 0.11729999999999999,
  "valence_11": 0.44799999999999995,
  "tempo_11": 116.41142857142857,
  "dance_12": 0.7376666666666667,
  "energy_12": 0.49215000000000003,
  "loudness_12": -12.400500000000001,
  "mode_12": 0.6666666666666666,
  "speechi_12": 0.17826666666666666,
  "acoustic_12": 0.49315,
  "instrumental_12": 0.17266906333333334,
  "liveness_12": 0.14251666666666665,
  "valence_12": 0.4776666666666667,
  "tempo_12": 115.88799999999999,
  "dance_13": 0.6952777777777777,
  "energy_13": 0.57825,
  "loudness_13": -9.458,
  "mode_13": 0.3888888888888889,
  "speechi_13": 0.1262444444444445,
  "acoustic_13": 0.36805,
  "instrumental_13": 0.11740736444444447,
  "liveness_13": 0.1824388888888889,
  "valence_13": 0.488388888888889,
  "tempo_13": 120.74588888888889,
  "dance_14": 0.553,
  "energy_14": 0.634,
  "loudness_14": -10.108,
  "mode_14": 0,
  "speechi_14": 0.0295,
  "acoustic_14": 0.000683,
  "instrumental_14": 0.311,
  "liveness_14": 0.146,
  "valence_14": 0.428,
  "tempo_14": 154.932,
  "dance_15": 0.816,
  "energy_15": 0.5646666666666667,
  "loudness_15": -9.151333333333334,
  "mode_15": 0.3333333333333333,
  "speechi_15": 0.237,
  "acoustic_15": 0.4729666666666666,
  "instrumental_15": 0.054,
  "liveness_15": 0.20999999999999996,
  "valence_15": 0.37733333333333335,
  "tempo_15": 119.033,
  "dance_16": 0.7079999999999999,
  "energy_16": 0.5602666666666667,
  "loudness_16": -10.429166666666669,
  "mode_16": 0.5,
  "speechi_16": 0.12369999999999999,
  "acoustic_16": 0.4623666666666666,
  "instrumental_16": 0.18271056333333335,
  "liveness_16": 0.19518333333333335,
  "valence_16": 0.42583333333333334,
  "tempo_16": 113.81733333333334,
  "dance_17": 0.731,
  "energy_17": 0.548,
  "loudness_17": -8.575,
  "mode_17": 0,
  "speechi_17": 0.119,
  "acoustic_17": 0.259,
  "instrumental_17": 2.74e-05,
  "liveness_17": 0.275,
  "valence_17": 0.216,
  "tempo_17": 119.98,
  "dance_18": 0.6721666666666667,
  "energy_18": 0.5141166666666668,
  "loudness_18": -11.022055555555557,
  "mode_18": 0.4444444444444444,
  "speechi_18": 0.12765555555555552,
  "acoustic_18": 0.4289322222222222,
  "instrumental_18": 0.16929399777777776,
  "liveness_18": 0.16700555555555557,
  "valence_18": 0.4491777777777778,
  "tempo_18": 116.86272222222222,
  "dance_19": 0.689,
  "energy_19": 0.48414999999999997,
  "loudness_19": -12.4836,
  "mode_19": 0.4,
  "speechi_19": 0.13915000000000002,
  "acoustic_19": 0.48349000000000003,
  "instrumental_19": 0.19830417800000003,
  "liveness_19": 0.16201000000000004,
  "valence_19": 0.4288,
  "tempo_19": 117.1913,
  "dance_20": 0.683,
  "energy_20": 0.954,
  "loudness_20": -3.015,
  "mode_20": 1.0,
  "speechi_20": 0.0633,
  "acoustic_20": 0.0222,
  "instrumental_20": 0,
  "liveness_20": 0.0804,
  "valence_20": 0.567,
  "tempo_20": 127.997,
  "dance_21": 0.102,
  "energy_21": 0.0334,
  "loudness_21": -28.713,
  "mode_21": 1.0,
  "speechi_21": 0.0452,
  "acoustic_21": 0.972,
  "instrumental_21": 0.962,
  "liveness_21": 0.0759,
  "valence_21": 0.0389,
  "tempo_21": 89.886,
  "dance_22": 0.5641111111111111,
  "energy_22": 0.4319,
  "loudness_22": -14.978222222222222,
  "mode_22": 0.5555555555555556,
  "speechi_22": 0.16559999999999997,
  "acoustic_22": 0.5073666666666666,
  "instrumental_22": 0.32125227777777776,
  "liveness_22": 0.21602222222222225,
  "valence_22": 0.42386666666666667,
  "tempo_22": 109.28022222222222,
  "dance_23": 0.8044285714285714,
  "energy_23": 0.6114285714285714,
  "loudness_23": -8.053285714285716,
  "mode_23": 0.5714285714285714,
  "speechi_23": 0.16471428571428573,
  "acoustic_23": 0.3976,
  "instrumental_23": 0.046327254285714284,
  "liveness_23": 0.20544285714285718,
  "valence_23": 0.4065714285714286,
  "tempo_23": 122.31085714285716,
  "dance_24": 0.683,
  "energy_24": 0.954,
  "loudness_24": -3.015,
  "mode_24": 1.0,
  "speechi_24": 0.0633,
  "acoustic_24": 0.0222,
  "instrumental_24": 0,
  "liveness_24": 0.0804,
  "valence_24": 0.567,
  "tempo_24": 127.997,
  "dance_25": 0.444,
  "energy_25": 0.5821333333333333,
  "loudness_25": -12.922333333333334,
  "mode_25": 0.6666666666666666,
  "speechi_25": 0.1738333333333333,
  "acoustic_25": 0.44939999999999997,
  "instrumental_25": 0.3206738333333333,
  "liveness_25": 0.27743333333333337,
  "valence_25": 0.3936333333333333,
  "tempo_25": 103.24433333333332
}