{
  "dance_1": 0.7047272727272728,
  "energy_1": 0.7056363636363638,
  "loudness_1": -6.737984848484851,
  "mode_1": 0.4090909090909091,
  "speechi_1": 0.06656515151515151,
  "acoustic_1": 0.27356272727272724,
  "instrumental_1": 0.012591257424242424,
  "liveness_1": 0.15989696969696965,
  "valence_1": 0.6298484848484852,
  "tempo_1": 119.67549999999999,
  "dance_2": 0.7112,
  "energy_2": 0.7394000000000001,
  "loudness_2": -6.0896,
  "mode_2": 0.6,
  "speechi_2": 0.07440000000000001,
  "acoustic_2": 0.33499999999999996,
  "instrumental_2": 6.79e-05,
  "liveness_2": 0.1446,
  "valence_2": 0.5016,
  "tempo_2": 92.4028,
  "dance_3": 0.5724193548387098,
  "energy_3": 0.5585483870967741,
  "loudness_3": -7.962161290322582,
  "mode_3": 0.7096774193548387,
  "speechi_3": 0.06409032258064516,
  "acoustic_3": 0.4923322580645161,
  "instrumental_3": 0.024263534838709678,
  "liveness_3": 0.14073225806451614,
  "valence_3": 0.5320967741935483,
  "tempo_3": 113.89625806451609,
  "dance_4": 0,
  "energy_4": 0,
  "loudness_4": 0,
  "mode_4": 0,
  "speechi_4": 0,
  "acoustic_4": 0,
  "instrumental_4": 0,
  "liveness_4": 0,
  "valence_4": 0,
  "tempo_4": 0,
  "dance_5": 0.711,
  "energy_5": 0.7882,
  "loudness_5": -5.0174,
  "mode_5": 0.2,
  "speechi_5": 0.05338,
  "acoustic_5": 0.1474,
  "instrumental_5": 2.36e-07,
  "liveness_5": 0.1908,
  "valence_5": 0.4882000000000001,
  "tempo_5": 118.9574,
  "dance_6": 0.734375,
  "energy_6": 0.662,
  "loudness_6": -6.7837499999999995,
  "mode_6": 0.125,
  "speechi_6": 0.0461625,
  "acoustic_6": 0.26088750000000005,
  "instrumental_6": 0.0020630225,
  "liveness_6": 0.16645,
  "valence_6": 0.642125,
  "tempo_6": 113.08737499999998,
  "dance_7": 0.677,
  "energy_7": 0.81,
  "loudness_7": -6.192,
  "mode_7": 0,
  "speechi_7": 0.0378,
  "acoustic_7": 0.643,
  "instrumental_7": 3e-06,
  "liveness_7": 0.168,
  "valence_7": 0.614,
  "tempo_7": 110.044,
  "dance_8": 0.7697499999999999,
  "energy_8": 0.57125,
  "loudness_8": -7.339125,
  "mode_8": 0.125,
  "speechi_8": 0.043100000000000006,
  "acoustic_8": 0.23228750000000004,
  "instrumental_8": 0.0096836375,
  "liveness_8": 0.14302499999999999,
  "valence_8": 0.569375,
  "tempo_8": 109.22687499999999,
  "dance_9": 0.6726666666666666,
  "energy_9": 0.561,
  "loudness_9": -8.887333333333332,
  "mode_9": 1.0,
  "speechi_9": 0.05513333333333333,
  "acoustic_9": 0.27166666666666667,
  "instrumental_9": 0.000227,
  "liveness_9": 0.2641,
  "valence_9": 0.6483333333333333,
  "tempo_9": 105.96433333333334,
  "dance_10": 0.747,
  "energy_10": 0.5346666666666667,
  "loudness_10": -5.913666666666667,
  "mode_10": 0,
  "speechi_10": 0.2409666666666667,
  "acoustic_10": 0.28633333333333333,
  "instrumental_10": 0.00010533333333333332,
  "liveness_10": 0.17206666666666667,
  "valence_10": 0.763,
  "tempo_10": 112.69533333333334,
  "dance_11": 0.7120000000000001,
  "energy_11": 0.7671666666666667,
  "loudness_11": -5.386,
  "mode_11": 0.3333333333333333,
  "speechi_11": 0.04861666666666666,
  "acoustic_11": 0.13896666666666666,
  "instrumental_11": 3.053e-05,
  "liveness_11": 0.22799999999999998,
  "valence_11": 0.6195,
  "tempo_11": 119.4015,
  "dance_12": 0.5998571428571429,
  "energy_12": 0.6880000000000001,
  "loudness_12": -5.788142857142858,
  "mode_12": 0.14285714285714285,
  "speechi_12": 0.05002857142857143,
  "acoustic_12": 0.32281428571428566,
  "instrumental_12": 0.0008506428571428573,
  "liveness_12": 0.14634285714285714,
  "valence_12": 0.5572857142857143,
  "tempo_12": 132.50514285714286,
  "dance_13": 0.7933333333333333,
  "energy_13": 0.6993333333333333,
  "loudness_13": -6.936333333333334,
  "mode_13": 0.3333333333333333,
  "speechi_13": 0.04343333333333333,
  "acoustic_13": 0.15556666666666666,
  "instrumental_13": 0.00016472666666666666,
  "liveness_13": 0.13086666666666666,
  "valence_13": 0.7033333333333333,
  "tempo_13": 124.65366666666667,
  "dance_14": 0.7381428571428571,
  "energy_14": 0.6608571428571429,
  "loudness_14": -6.609571428571429,
  "mode_14": 0.14285714285714285,
  "speechi_14": 0.0465,
  "acoustic_14": 0.28981428571428575,
  "instrumental_14": 0.0001434542857142857,
  "liveness_14": 0.14365714285714287,
  "valence_14": 0.611,
  "tempo_14": 108.95842857142857,
  "dance_15": 0.7385,
  "energy_15": 0.7945,
  "loudness_15": -5.8535,
  "mode_15": 0,
  "speechi_15": 0.04655,
  "acoustic_15": 0.378,
  "instrumental_15": 1.5e-06,
  "liveness_15": 0.187,
  "valence_15": 0.44,
  "tempo_15": 103.496,
  "dance_16": 0.7195,
  "energy_16": 0.8905000000000001,
  "loudness_16": -5.890000000000001,
  "mode_16": 1.0,
  "speechi_16": 0.132,
  "acoustic_16": 0.0897,
  "instrumental_16": 7.1e-06,
  "liveness_16": 0.153,
  "valence_16": 0.5205,
  "tempo_16": 101.982,
  "dance_17": 0.716,
  "energy_17": 0.889,
  "loudness_17": -6.022,
  "mode_17": 1.0,
  "speechi_17": 0.1,
  "acoustic_17": 0.0774,
  "instrumental_17": 1.42e-05,
  "liveness_17": 0.16,
  "valence_17": 0.508,
  "tempo_17": 101.968,
  "dance_18": 0.809,
  "energy_18": 0.431,
  "loudness_18": -7.946,
  "mode_18": 1.0,
  "speechi_18": 0.0286,
  "acoustic_18": 0.241,
  "instrumental_18": 0,
  "liveness_18": 0.146,
  "valence_18": 0.634,
  "tempo_18": 104.972,
  "dance_19": 0.693181818181818,
  "energy_19": 0.5733181818181818,
  "loudness_19": -7.769727272727272,
  "mode_19": 0.3181818181818182,
  "speechi_19": 0.053254545454545436,
  "acoustic_19": 0.33428181818181807,
  "instrumental_19": 0.003597173181818182,
  "liveness_19": 0.1334045454545455,
  "valence_19": 0.5650454545454546,
  "tempo_19": 115.49222727272728,
  "dance_20": 0.49533333333333335,
  "energy_20": 0.5140888888888889,
  "loudness_20": -10.540111111111111,
  "mode_20": 0.4444444444444444,
  "speechi_20": 0.09525555555555554,
  "acoustic_20": 0.7054444444444444,
  "instrumental_20": 0.08771311111111112,
  "liveness_20": 0.21700000000000003,
  "valence_20": 0.4887444444444444,
  "tempo_20": 116.59611111111111
}